,Date,Hour,PM2_MIN,PM2_MAX,PM2_AVG
0,2019-08-28,7,11.0,11.0,11.0
1,2019-08-28,8,11.0,11.0,11.0
2,2019-08-28,9,11.0,11.0,11.0
3,2019-08-28,10,11.0,11.0,11.0
4,2019-08-28,11,11.0,11.0,11.0
5,2019-08-28,12,11.0,12.0,11.0
6,2019-08-28,13,11.0,12.0,11.0
7,2019-08-28,14,11.0,12.0,11.0
8,2019-08-28,15,11.0,12.0,11.0
9,2019-08-28,16,11.0,12.0,11.0
10,2019-08-28,17,11.0,12.0,11.0
11,2019-08-28,18,11.0,12.0,11.0
12,2019-08-28,19,11.0,12.0,11.0
13,2019-08-28,20,11.0,12.0,11.0
14,2019-08-28,21,11.0,12.0,11.0
15,2019-08-28,22,11.0,12.0,11.0
16,2019-08-28,23,11.0,12.0,11.0
17,2019-08-29,0,11.0,12.0,11.0
18,2019-08-29,1,11.0,12.0,11.0
19,2019-08-29,2,11.0,12.0,11.0
20,2019-08-29,3,11.0,12.0,11.0
21,2019-08-29,4,11.0,12.0,11.0
22,2019-08-29,5,10.0,12.0,11.0
23,2019-08-29,6,10.0,12.0,11.0
24,2019-08-29,7,10.0,12.0,11.0
25,2019-08-29,8,10.0,12.0,11.0
26,2019-08-29,9,10.0,12.0,11.0
27,2019-08-29,10,10.0,12.0,11.0
28,2019-08-29,11,10.0,12.0,11.0
29,2019-08-29,12,9.0,12.0,10.0
30,2019-08-29,13,9.0,12.0,10.0
31,2019-08-29,14,8.0,12.0,10.0
32,2019-08-29,15,8.0,12.0,10.0
33,2019-08-29,16,8.0,12.0,10.0
34,2019-08-29,17,8.0,12.0,10.0
35,2019-08-29,18,8.0,12.0,10.0
36,2019-08-29,19,8.0,12.0,10.0
37,2019-08-29,20,8.0,12.0,10.0
38,2019-08-29,21,8.0,12.0,10.0
39,2019-08-29,22,8.0,12.0,10.0
40,2019-08-29,23,8.0,12.0,10.0
41,2019-08-30,0,8.0,11.0,9.0
42,2019-08-30,1,8.0,11.0,9.0
43,2019-08-30,2,8.0,11.0,9.0
44,2019-08-30,3,8.0,11.0,9.0
45,2019-08-30,4,8.0,10.0,9.0
46,2019-08-30,5,8.0,10.0,9.0
47,2019-08-30,6,8.0,10.0,9.0
48,2019-08-30,7,7.0,10.0,8.0
49,2019-08-30,8,7.0,10.0,8.0
50,2019-08-30,9,7.0,10.0,8.0
51,2019-08-30,10,7.0,10.0,8.0
52,2019-08-30,11,7.0,9.0,8.0
53,2019-08-30,12,7.0,9.0,8.0
54,2019-08-30,13,7.0,8.0,7.0
55,2019-08-30,14,7.0,8.0,7.0
56,2019-08-30,15,7.0,8.0,7.0
57,2019-08-30,16,7.0,8.0,7.0
58,2019-08-30,17,7.0,8.0,7.0
59,2019-08-30,18,6.0,8.0,7.0
60,2019-08-30,19,6.0,8.0,7.0
61,2019-08-30,20,6.0,8.0,7.0
62,2019-08-30,21,6.0,8.0,7.0
63,2019-08-30,22,6.0,8.0,7.0
64,2019-08-30,23,6.0,8.0,7.0
65,2019-08-31,0,6.0,8.0,7.0
66,2019-08-31,1,6.0,8.0,7.0
67,2019-08-31,2,6.0,8.0,7.0
68,2019-08-31,3,6.0,8.0,7.0
69,2019-08-31,4,6.0,8.0,7.0
70,2019-08-31,5,6.0,8.0,7.0
71,2019-08-31,6,6.0,7.0,6.0
72,2019-08-31,7,6.0,7.0,6.0
73,2019-08-31,8,6.0,8.0,7.0
74,2019-08-31,9,6.0,8.0,7.0
75,2019-08-31,10,6.0,8.0,7.0
76,2019-08-31,11,6.0,8.0,7.0
77,2019-08-31,12,6.0,8.0,7.0
78,2019-08-31,13,6.0,8.0,7.0
79,2019-08-31,14,6.0,8.0,7.0
80,2019-08-31,15,6.0,8.0,7.0
81,2019-08-31,16,6.0,8.0,7.0
82,2019-08-31,17,6.0,8.0,7.0
83,2019-08-31,18,6.0,8.0,7.0
84,2019-08-31,19,6.0,9.0,7.0
85,2019-08-31,20,7.0,9.0,8.0
86,2019-08-31,21,7.0,9.0,8.0
87,2019-08-31,22,7.0,9.0,8.0
88,2019-08-31,23,7.0,9.0,8.0
89,2019-09-01,0,7.0,9.0,8.0
90,2019-09-01,1,7.0,9.0,8.0
91,2019-09-01,2,7.0,9.0,8.0
92,2019-09-01,3,7.0,9.0,8.0
93,2019-09-01,4,7.0,9.0,8.0
94,2019-09-01,5,7.0,10.0,8.0
95,2019-09-01,6,7.0,10.0,8.0
96,2019-09-01,7,7.0,10.0,8.0
97,2019-09-01,8,7.0,10.0,8.0
98,2019-09-01,9,7.0,10.0,8.0
99,2019-09-01,10,8.0,10.0,9.0
100,2019-09-01,11,8.0,10.0,9.0
101,2019-09-01,12,8.0,10.0,9.0
102,2019-09-01,13,8.0,10.0,9.0
103,2019-09-01,14,8.0,10.0,9.0
104,2019-09-01,15,8.0,10.0,9.0
105,2019-09-01,16,8.0,10.0,9.0
106,2019-09-01,17,8.0,10.0,9.0
107,2019-09-01,18,1.1677743509797014,1.1549148262072033,1.0739289299499646
108,2019-09-01,20,9.0,10.0,9.0
109,2019-09-01,21,9.0,10.0,9.0
110,2019-09-01,22,9.0,10.0,9.0
111,2019-09-01,23,9.0,10.0,9.0
112,2019-09-02,0,9.0,10.0,9.0
113,2019-09-02,1,9.0,10.0,9.0
114,2019-09-02,2,9.0,10.0,9.0
115,2019-09-02,3,9.0,10.0,9.0
116,2019-09-02,4,9.0,10.0,9.0
117,2019-09-02,5,9.0,10.0,9.0
118,2019-09-02,6,9.0,10.0,9.0
119,2019-09-02,7,9.0,10.0,9.0
120,2019-09-02,8,9.0,10.0,9.0
121,2019-09-02,9,9.0,10.0,9.0
122,2019-09-02,10,9.0,10.0,9.0
123,2019-09-02,11,9.0,10.0,9.0
124,2019-09-02,12,9.0,10.0,9.0
125,2019-09-02,13,9.0,10.0,9.0
126,2019-09-02,14,9.0,10.0,9.0
127,2019-09-02,15,9.0,10.0,9.0
128,2019-09-02,16,9.0,10.0,9.0
129,2019-09-02,17,9.0,10.0,9.0
130,2019-09-02,18,9.0,10.0,9.0
131,2019-09-02,19,9.0,10.0,9.0
132,2019-09-02,20,9.0,10.0,9.0
133,2019-09-02,21,9.0,10.0,9.0
134,2019-09-02,22,9.0,10.0,9.0
135,2019-09-02,23,9.0,10.0,9.0
136,2019-09-03,0,9.0,10.0,9.0
137,2019-09-03,1,9.0,10.0,9.0
138,2019-09-03,2,9.0,10.0,9.0
139,2019-09-03,3,9.0,10.0,9.0
140,2019-09-03,4,9.0,10.0,9.0
141,2019-09-03,5,9.0,10.0,9.0
142,2019-09-03,6,8.0,10.0,9.0
143,2019-09-03,7,8.0,10.0,9.0
144,2019-09-03,8,7.0,10.0,8.0
145,2019-09-03,9,7.0,10.0,8.0
146,2019-09-03,10,7.0,10.0,8.0
147,2019-09-03,11,7.0,10.0,8.0
148,2019-09-03,12,6.0,10.0,8.0
149,2019-09-03,13,6.0,10.0,8.0
150,2019-09-03,14,5.0,10.0,7.0
151,2019-09-03,15,5.0,10.0,7.0
152,2019-09-03,16,5.0,10.0,7.0
153,2019-09-03,17,5.0,10.0,7.0
154,2019-09-03,18,5.0,10.0,7.0
155,2019-09-03,19,5.0,10.0,7.0
156,2019-09-03,22,5.0,10.0,7.0
157,2019-09-03,23,5.0,10.0,7.0
158,2019-09-04,0,5.0,9.0,7.0
159,2019-09-04,1,4.0,9.0,6.0
160,2019-09-04,2,4.0,9.0,6.0
161,2019-09-04,3,4.0,9.0,6.0
162,2019-09-04,4,4.0,9.0,6.0
163,2019-09-04,5,4.0,9.0,6.0
164,2019-09-04,6,4.0,8.0,6.0
165,2019-09-04,7,4.0,7.0,5.0
166,2019-09-04,8,4.0,7.0,5.0
167,2019-09-04,9,4.0,7.0,5.0
168,2019-09-04,10,0.8379251501083232,1.148887694883863,0.9318268366931064
169,2019-09-04,11,3.0,7.0,5.0
170,2019-09-04,12,3.0,6.0,4.0
171,2019-09-04,13,3.0,5.0,4.0
172,2019-09-04,14,3.0,5.0,4.0
173,2019-09-04,15,0.7326152207608239,0.9387428226359412,0.769819891195598
174,2019-09-04,16,0.7233970759124889,0.9243561757950977,0.7696774455832642
175,2019-09-04,17,2.0,5.0,3.0
176,2019-09-04,18,2.0,5.0,3.0
177,2019-09-04,19,2.0,5.0,3.0
178,2019-09-04,20,2.0,5.0,3.0
179,2019-09-04,21,2.0,5.0,3.0
180,2019-09-04,22,2.0,5.0,3.0
181,2019-09-04,23,2.0,5.0,3.0
182,2019-09-05,0,2.0,4.0,3.0
183,2019-09-05,1,2.0,4.0,3.0
184,2019-09-05,2,2.0,4.0,3.0
185,2019-09-05,3,2.0,4.0,3.0
186,2019-09-05,4,2.0,4.0,3.0
187,2019-09-05,5,2.0,4.0,3.0
188,2019-09-05,6,2.0,5.0,3.0
189,2019-09-05,7,2.0,5.0,3.0
190,2019-09-05,8,2.0,5.0,3.0
191,2019-09-05,9,2.0,5.0,3.0
192,2019-09-05,10,2.0,5.0,3.0
193,2019-09-05,11,2.0,5.0,3.0
194,2019-09-05,12,2.0,5.0,3.0
195,2019-09-05,13,2.0,5.0,3.0
196,2019-09-05,14,2.0,5.0,3.0
197,2019-09-05,15,2.0,6.0,4.0
198,2019-09-05,16,2.0,6.0,4.0
199,2019-09-05,17,2.0,6.0,4.0
200,2019-09-05,19,3.0,6.0,4.0
201,2019-09-05,20,3.0,6.0,4.0
202,2019-09-05,21,3.0,6.0,4.0
203,2019-09-05,22,3.0,6.0,4.0
204,2019-09-05,23,3.0,6.0,4.0
205,2019-09-06,0,3.0,6.0,4.0
206,2019-09-06,1,3.0,6.0,4.0
207,2019-09-06,2,4.0,6.0,5.0
208,2019-09-06,3,4.0,6.0,5.0
209,2019-09-06,4,4.0,6.0,5.0
210,2019-09-06,5,5.0,6.0,5.0
211,2019-09-06,6,5.0,6.0,5.0
212,2019-09-06,7,5.0,6.0,5.0
213,2019-09-06,8,5.0,6.0,5.0
214,2019-09-06,9,5.0,6.0,5.0
215,2019-09-06,10,5.0,6.0,5.0
216,2019-09-06,11,5.0,6.0,5.0
217,2019-09-06,12,5.0,6.0,5.0
218,2019-09-06,13,5.0,6.0,5.0
219,2019-09-06,14,5.0,6.0,5.0
220,2019-09-06,15,5.0,6.0,5.0
221,2019-09-06,16,5.0,6.0,5.0
222,2019-09-06,17,5.0,6.0,5.0
223,2019-09-06,18,5.0,6.0,5.0
224,2019-09-06,19,5.0,6.0,5.0
225,2019-09-06,20,5.0,5.0,5.0
226,2019-09-06,21,5.0,5.0,5.0
227,2019-09-06,22,5.0,5.0,5.0
228,2019-09-06,23,5.0,5.0,5.0
229,2019-09-07,0,5.0,5.0,5.0
230,2019-09-07,1,4.0,5.0,4.0
231,2019-09-07,2,4.0,5.0,4.0
232,2019-09-07,3,4.0,5.0,4.0
233,2019-09-07,4,4.0,5.0,4.0
234,2019-09-07,5,4.0,5.0,4.0
235,2019-09-07,6,4.0,5.0,4.0
236,2019-09-07,7,4.0,5.0,4.0
237,2019-09-07,8,4.0,5.0,4.0
238,2019-09-07,9,4.0,5.0,4.0
239,2019-09-07,10,4.0,5.0,4.0
240,2019-09-07,11,4.0,5.0,4.0
241,2019-09-07,12,4.0,5.0,4.0
242,2019-09-07,13,3.0,5.0,4.0
243,2019-09-07,14,3.0,5.0,4.0
244,2019-09-07,15,3.0,5.0,4.0
245,2019-09-07,16,3.0,5.0,4.0
246,2019-09-07,17,3.0,5.0,4.0
247,2019-09-07,18,3.0,5.0,4.0
248,2019-09-07,19,3.0,5.0,4.0
249,2019-09-07,20,3.0,5.0,4.0
250,2019-09-07,21,3.0,5.0,4.0
251,2019-09-07,22,3.0,5.0,4.0
252,2019-09-07,23,3.0,5.0,4.0
253,2019-09-08,0,3.0,5.0,4.0
254,2019-09-08,1,3.0,5.0,4.0
255,2019-09-08,2,3.0,5.0,4.0
256,2019-09-08,3,3.0,5.0,4.0
257,2019-09-08,4,3.0,5.0,4.0
258,2019-09-08,5,3.0,6.0,4.0
259,2019-09-08,6,3.0,6.0,4.0
260,2019-09-08,7,3.0,6.0,4.0
261,2019-09-08,8,3.0,6.0,4.0
262,2019-09-08,9,3.0,6.0,4.0
263,2019-09-08,10,3.0,6.0,4.0
264,2019-09-08,11,3.0,6.0,4.0
265,2019-09-08,12,3.0,7.0,5.0
266,2019-09-08,13,3.0,7.0,5.0
267,2019-09-08,14,3.0,7.0,5.0
268,2019-09-08,15,3.0,7.0,5.0
269,2019-09-08,16,3.0,7.0,5.0
270,2019-09-08,17,3.0,7.0,5.0
271,2019-09-08,18,3.0,7.0,5.0
272,2019-09-08,19,3.0,7.0,5.0
273,2019-09-08,20,4.0,7.0,5.0
274,2019-09-08,21,4.0,7.0,5.0
275,2019-09-08,22,4.0,7.0,5.0
276,2019-09-08,23,5.0,7.0,6.0
277,2019-09-09,0,5.0,7.0,6.0
278,2019-09-09,1,5.0,7.0,6.0
279,2019-09-09,2,5.0,7.0,6.0
280,2019-09-09,3,5.0,7.0,6.0
281,2019-09-09,4,6.0,7.0,6.0
282,2019-09-09,5,6.0,7.0,6.0
283,2019-09-09,6,6.0,7.0,6.0
284,2019-09-09,7,6.0,7.0,6.0
285,2019-09-09,8,6.0,7.0,6.0
286,2019-09-09,9,6.0,7.0,6.0
287,2019-09-09,10,7.0,7.0,7.0
288,2019-09-09,11,7.0,7.0,7.0
289,2019-09-09,12,7.0,7.0,7.0
290,2019-09-09,13,7.0,7.0,7.0
291,2019-09-09,14,7.0,7.0,7.0
292,2019-09-09,15,7.0,7.0,7.0
293,2019-09-09,16,1.028373555622776,0.9603554820892888,0.9078567203852431
294,2019-09-09,19,1.0311914147842274,0.9664680404603131,0.9192263255679373
295,2019-09-09,20,7.0,7.0,7.0
296,2019-09-09,21,7.0,8.0,7.0
297,2019-09-09,22,7.0,8.0,7.0
298,2019-09-09,23,7.0,8.0,7.0
299,2019-09-10,0,7.0,8.0,7.0
300,2019-09-10,1,7.0,8.0,7.0
301,2019-09-10,2,7.0,8.0,7.0
302,2019-09-10,3,7.0,8.0,7.0
303,2019-09-10,4,7.0,8.0,7.0
304,2019-09-10,5,7.0,8.0,7.0
305,2019-09-10,6,7.0,8.0,7.0
306,2019-09-10,7,7.0,8.0,7.0
307,2019-09-10,8,7.0,8.0,7.0
308,2019-09-10,9,7.0,8.0,7.0
309,2019-09-10,10,7.0,8.0,7.0
310,2019-09-10,11,7.0,8.0,7.0
311,2019-09-10,13,7.0,8.0,7.0
312,2019-09-10,14,7.0,8.0,7.0
313,2019-09-10,15,7.0,8.0,7.0
314,2019-09-10,16,7.0,8.0,7.0
315,2019-09-10,17,7.0,8.0,7.0
316,2019-09-10,18,7.0,8.0,7.0
317,2019-09-10,19,7.0,8.0,7.0
318,2019-09-10,20,7.0,8.0,7.0
319,2019-09-10,21,7.0,8.0,7.0
320,2019-09-10,22,7.0,8.0,7.0
321,2019-09-10,23,7.0,8.0,7.0
322,2019-09-11,0,7.0,8.0,7.0
323,2019-09-11,1,7.0,8.0,7.0
324,2019-09-11,2,7.0,8.0,7.0
325,2019-09-11,3,7.0,8.0,7.0
326,2019-09-11,4,7.0,8.0,7.0
327,2019-09-11,5,7.0,8.0,7.0
328,2019-09-11,6,7.0,8.0,7.0
329,2019-09-11,7,7.0,8.0,7.0
330,2019-09-11,8,7.0,8.0,7.0
331,2019-09-11,9,7.0,8.0,7.0
332,2019-09-11,10,7.0,8.0,7.0
333,2019-09-11,11,7.0,8.0,7.0
334,2019-09-11,12,7.0,8.0,7.0
335,2019-09-11,13,7.0,8.0,7.0
336,2019-09-11,14,7.0,8.0,7.0
337,2019-09-11,15,7.0,8.0,7.0
338,2019-09-11,16,7.0,8.0,7.0
339,2019-09-11,17,7.0,9.0,8.0
340,2019-09-11,18,7.0,9.0,8.0
341,2019-09-11,19,7.0,9.0,8.0
342,2019-09-11,20,7.0,9.0,8.0
343,2019-09-11,21,7.0,9.0,8.0
344,2019-09-11,22,7.0,10.0,8.0
345,2019-09-11,23,7.0,10.0,8.0
346,2019-09-12,1,7.0,10.0,8.0
347,2019-09-12,2,7.0,10.0,8.0
348,2019-09-12,3,7.0,10.0,8.0
349,2019-09-12,4,7.0,10.0,8.0
350,2019-09-12,5,7.0,10.0,8.0
351,2019-09-12,6,7.0,10.0,8.0
352,2019-09-12,7,7.0,10.0,8.0
353,2019-09-12,8,7.0,11.0,9.0
354,2019-09-12,9,7.0,11.0,9.0
355,2019-09-12,10,7.0,11.0,9.0
356,2019-09-12,11,7.0,11.0,9.0
357,2019-09-12,12,7.0,11.0,9.0
358,2019-09-12,13,8.0,11.0,9.0
359,2019-09-12,14,8.0,11.0,9.0
360,2019-09-12,15,8.0,11.0,9.0
361,2019-09-12,16,9.0,11.0,10.0
362,2019-09-12,17,9.0,11.0,10.0
363,2019-09-12,18,9.0,11.0,10.0
364,2019-09-12,19,9.0,11.0,10.0
365,2019-09-12,20,9.0,11.0,10.0
366,2019-09-12,21,10.0,11.0,10.0
367,2019-09-12,22,10.0,11.0,10.0
368,2019-09-12,23,10.0,11.0,10.0
369,2019-09-13,0,10.0,11.0,10.0
370,2019-09-13,1,10.0,11.0,10.0
371,2019-09-13,2,10.0,11.0,10.0
372,2019-09-13,3,1.8317910880357062,1.8085046538346945,1.693192231511929
373,2019-09-13,4,9.0,11.0,10.0
374,2019-09-13,5,9.0,11.0,10.0
375,2019-09-13,6,8.0,11.0,9.0
376,2019-09-13,7,8.0,11.0,9.0
377,2019-09-13,8,138.0,140.0,139.0
378,2019-09-13,9,7.0,11.0,9.0
379,2019-09-13,10,7.0,11.0,9.0
380,2019-09-13,11,7.0,11.0,9.0
381,2019-09-13,12,7.0,11.0,9.0
382,2019-09-13,13,6.0,11.0,8.0
383,2019-09-13,14,6.0,11.0,8.0
384,2019-09-13,15,6.0,11.0,8.0
385,2019-09-13,16,1.4449046036197386,1.7838717082582085,1.5367660727055705
386,2019-09-13,17,6.0,11.0,8.0
387,2019-09-13,18,6.0,11.0,8.0
388,2019-09-13,19,6.0,11.0,8.0
389,2019-09-13,20,6.0,11.0,8.0
390,2019-09-13,21,6.0,11.0,8.0
391,2019-09-13,22,6.0,11.0,8.0
392,2019-09-13,23,5.0,11.0,8.0
393,2019-09-14,0,5.0,10.0,7.0
394,2019-09-14,2,5.0,9.0,7.0
395,2019-09-14,3,5.0,9.0,7.0
396,2019-09-14,4,5.0,9.0,7.0
397,2019-09-14,5,5.0,8.0,6.0
398,2019-09-14,6,5.0,8.0,6.0
399,2019-09-14,7,5.0,7.0,6.0
400,2019-09-14,8,5.0,7.0,6.0
401,2019-09-14,9,5.0,7.0,6.0
402,2019-09-14,10,5.0,7.0,6.0
403,2019-09-14,11,5.0,7.0,6.0
404,2019-09-14,12,5.0,6.0,5.0
405,2019-09-14,13,5.0,6.0,5.0
406,2019-09-14,14,5.0,6.0,5.0
407,2019-09-14,15,5.0,6.0,5.0
408,2019-09-14,16,5.0,6.0,5.0
409,2019-09-14,17,5.0,6.0,5.0
410,2019-09-14,18,5.0,6.0,5.0
411,2019-09-14,19,5.0,6.0,5.0
412,2019-09-14,20,5.0,6.0,5.0
413,2019-09-14,21,5.0,6.0,5.0
414,2019-09-14,22,5.0,6.0,5.0
415,2019-09-14,23,5.0,6.0,5.0
416,2019-09-15,0,6.0,6.0,6.0
417,2019-09-15,1,6.0,6.0,6.0
418,2019-09-15,2,6.0,6.0,6.0
419,2019-09-15,3,6.0,7.0,6.0
420,2019-09-15,4,6.0,7.0,6.0
421,2019-09-15,5,6.0,8.0,7.0
422,2019-09-15,6,6.0,8.0,7.0
423,2019-09-15,7,6.0,8.0,7.0
424,2019-09-15,8,6.0,9.0,7.0
425,2019-09-15,9,6.0,9.0,7.0
426,2019-09-15,10,6.0,9.0,7.0
427,2019-09-15,11,6.0,9.0,7.0
428,2019-09-15,12,6.0,9.0,7.0
429,2019-09-15,13,6.0,9.0,7.0
430,2019-09-15,14,6.0,9.0,7.0
431,2019-09-15,15,6.0,9.0,7.0
432,2019-09-15,16,6.0,9.0,7.0
433,2019-09-15,17,6.0,9.0,7.0
434,2019-09-15,18,6.0,9.0,7.0
435,2019-09-15,19,6.0,9.0,7.0
436,2019-09-15,20,6.0,9.0,7.0
437,2019-09-15,21,6.0,9.0,7.0
438,2019-09-15,22,6.0,9.0,7.0
439,2019-09-15,23,6.0,9.0,7.0
440,2019-09-16,0,1.9567679118684744,1.9455598053608427,1.8316708216558477
441,2019-09-16,1,7.0,9.0,8.0
442,2019-09-16,2,7.0,9.0,8.0
443,2019-09-16,3,7.0,9.0,8.0
444,2019-09-16,4,7.0,9.0,8.0
445,2019-09-16,5,7.0,9.0,8.0
446,2019-09-16,6,7.0,9.0,8.0
447,2019-09-16,7,6.0,9.0,7.0
448,2019-09-16,8,6.0,9.0,7.0
449,2019-09-16,9,6.0,9.0,7.0
450,2019-09-16,10,6.0,9.0,7.0
451,2019-09-16,11,6.0,9.0,7.0
452,2019-09-16,12,6.0,9.0,7.0
453,2019-09-16,13,6.0,9.0,7.0
454,2019-09-16,14,6.0,9.0,7.0
455,2019-09-16,15,6.0,8.0,7.0
456,2019-09-16,16,6.0,8.0,7.0
457,2019-09-16,17,6.0,8.0,7.0
458,2019-09-16,18,6.0,8.0,7.0
459,2019-09-16,19,6.0,8.0,7.0
460,2019-09-16,20,6.0,8.0,7.0
461,2019-09-16,21,6.0,8.0,7.0
462,2019-09-16,22,6.0,8.0,7.0
463,2019-09-16,23,6.0,8.0,7.0
464,2019-09-17,0,6.0,8.0,7.0
465,2019-09-17,1,6.0,7.0,6.0
466,2019-09-17,2,6.0,7.0,6.0
467,2019-09-17,3,6.0,7.0,6.0
468,2019-09-17,4,6.0,7.0,6.0
469,2019-09-17,5,6.0,7.0,6.0
470,2019-09-17,6,6.0,7.0,6.0
471,2019-09-17,7,6.0,7.0,6.0
472,2019-09-17,8,6.0,7.0,6.0
473,2019-09-17,9,6.0,7.0,6.0
474,2019-09-17,10,6.0,7.0,6.0
475,2019-09-17,11,6.0,7.0,6.0
476,2019-09-17,12,6.0,7.0,6.0
477,2019-09-17,13,6.0,7.0,6.0
478,2019-09-17,14,7.0,7.0,7.0
479,2019-09-17,15,7.0,7.0,7.0
480,2019-09-17,16,7.0,7.0,7.0
481,2019-09-17,17,1.620876734449724,1.4256211177966636,1.4079654454402681
482,2019-09-17,18,7.0,7.0,7.0
483,2019-09-17,19,7.0,7.0,7.0
484,2019-09-17,20,7.0,7.0,7.0
485,2019-09-17,21,7.0,7.0,7.0
486,2019-09-17,22,7.0,7.0,7.0
487,2019-09-17,23,7.0,7.0,7.0
488,2019-09-18,0,7.0,7.0,7.0
489,2019-09-18,1,7.0,7.0,7.0
490,2019-09-18,2,6.0,7.0,6.0
491,2019-09-18,3,6.0,7.0,6.0
492,2019-09-18,4,6.0,7.0,6.0
493,2019-09-18,5,6.0,7.0,6.0
494,2019-09-18,6,6.0,7.0,6.0
495,2019-09-18,7,1.4942135444864357,1.3610744164510038,1.3137948369118013
496,2019-09-18,8,6.0,7.0,6.0
497,2019-09-18,9,6.0,7.0,6.0
498,2019-09-18,10,6.0,7.0,6.0
499,2019-09-18,11,6.0,7.0,6.0
500,2019-09-18,12,5.0,7.0,6.0
501,2019-09-18,13,5.0,7.0,6.0
502,2019-09-18,14,5.0,7.0,6.0
503,2019-09-18,15,5.0,7.0,6.0
504,2019-09-18,16,5.0,7.0,6.0
505,2019-09-18,17,5.0,7.0,6.0
506,2019-09-18,18,5.0,7.0,6.0
507,2019-09-18,19,5.0,7.0,6.0
508,2019-09-18,20,5.0,7.0,6.0
509,2019-09-18,21,5.0,7.0,6.0
510,2019-09-18,22,5.0,7.0,6.0
511,2019-09-18,23,5.0,7.0,6.0
512,2019-09-19,0,5.0,7.0,6.0
513,2019-09-19,1,5.0,7.0,6.0
514,2019-09-19,2,5.0,8.0,6.0
515,2019-09-19,3,5.0,8.0,6.0
516,2019-09-19,4,5.0,8.0,6.0
517,2019-09-19,5,5.0,8.0,6.0
518,2019-09-19,6,5.0,8.0,6.0
519,2019-09-19,7,5.0,8.0,6.0
520,2019-09-19,8,5.0,8.0,6.0
521,2019-09-19,9,5.0,8.0,6.0
522,2019-09-19,10,5.0,8.0,6.0
523,2019-09-19,11,5.0,8.0,6.0
524,2019-09-19,12,5.0,8.0,6.0
525,2019-09-19,13,5.0,8.0,6.0
526,2019-09-19,14,6.0,8.0,7.0
527,2019-09-19,15,6.0,8.0,7.0
528,2019-09-19,16,6.0,8.0,7.0
529,2019-09-19,17,6.0,8.0,7.0
530,2019-09-19,18,6.0,8.0,7.0
531,2019-09-19,19,6.0,8.0,7.0
532,2019-09-19,20,6.0,8.0,7.0
533,2019-09-19,21,6.0,8.0,7.0
534,2019-09-19,22,6.0,8.0,7.0
535,2019-09-19,23,6.0,8.0,7.0
536,2019-09-20,0,5.0,8.0,6.0
537,2019-09-20,1,5.0,8.0,6.0
538,2019-09-20,2,5.0,8.0,6.0
539,2019-09-20,3,5.0,8.0,6.0
540,2019-09-20,4,5.0,8.0,6.0
541,2019-09-20,5,5.0,8.0,6.0
542,2019-09-20,6,5.0,8.0,6.0
543,2019-09-20,7,5.0,8.0,6.0
544,2019-09-20,8,5.0,8.0,6.0
545,2019-09-20,9,5.0,8.0,6.0
546,2019-09-20,10,5.0,8.0,6.0
547,2019-09-20,11,5.0,8.0,6.0
548,2019-09-20,12,5.0,8.0,6.0
549,2019-09-20,13,5.0,8.0,6.0
550,2019-09-20,14,5.0,7.0,6.0
551,2019-09-20,15,5.0,7.0,6.0
552,2019-09-20,16,2.4578634482890838,3.1756642585250865,2.7029368854629063
553,2019-09-20,17,5.0,7.0,6.0
554,2019-09-20,18,5.0,7.0,6.0
555,2019-09-20,19,5.0,6.0,5.0
556,2019-09-20,20,5.0,6.0,5.0
557,2019-09-20,21,5.0,6.0,5.0
558,2019-09-20,22,5.0,6.0,5.0
559,2019-09-20,23,5.0,6.0,5.0
560,2019-09-21,0,5.0,6.0,5.0
561,2019-09-21,1,5.0,6.0,5.0
562,2019-09-21,2,5.0,6.0,5.0
563,2019-09-21,3,5.0,7.0,6.0
564,2019-09-21,4,5.0,7.0,6.0
565,2019-09-21,5,5.0,7.0,6.0
566,2019-09-21,6,5.0,7.0,6.0
567,2019-09-21,7,5.0,7.0,6.0
568,2019-09-21,8,5.0,7.0,6.0
569,2019-09-21,9,5.0,7.0,6.0
570,2019-09-21,10,5.0,7.0,6.0
571,2019-09-21,11,5.0,7.0,6.0
572,2019-09-21,12,5.0,7.0,6.0
573,2019-09-21,13,5.0,7.0,6.0
574,2019-09-21,14,5.0,7.0,6.0
575,2019-09-21,15,5.0,7.0,6.0
576,2019-09-21,16,6.0,7.0,6.0
577,2019-09-21,17,6.0,7.0,6.0
578,2019-09-21,18,6.0,7.0,6.0
579,2019-09-21,19,6.0,7.0,6.0
580,2019-09-21,20,6.0,7.0,6.0
581,2019-09-21,21,6.0,7.0,6.0
582,2019-09-21,22,6.0,7.0,6.0
583,2019-09-21,23,6.0,7.0,6.0
584,2019-09-22,0,6.0,7.0,6.0
585,2019-09-22,1,6.0,7.0,6.0
586,2019-09-22,2,6.0,7.0,6.0
587,2019-09-22,3,6.0,7.0,6.0
588,2019-09-22,4,6.0,7.0,6.0
589,2019-09-22,5,6.0,7.0,6.0
590,2019-09-22,6,2.867840616651223,2.7569216425188108,2.632214555630561
591,2019-09-22,7,6.0,7.0,6.0
592,2019-09-22,8,6.0,7.0,6.0
593,2019-09-22,9,6.0,7.0,6.0
594,2019-09-22,10,6.0,7.0,6.0
595,2019-09-22,11,6.0,7.0,6.0
596,2019-09-22,12,6.0,7.0,6.0
597,2019-09-22,13,6.0,7.0,6.0
598,2019-09-22,14,6.0,7.0,6.0
599,2019-09-22,15,6.0,7.0,6.0
600,2019-09-22,16,6.0,7.0,6.0
601,2019-09-23,2,2.6367144673045098,2.492832101405126,2.3992997079156675
602,2019-09-23,3,6.0,7.0,6.0
603,2019-09-23,4,6.0,7.0,6.0
604,2019-09-23,5,6.0,7.0,6.0
605,2019-09-23,6,6.0,7.0,6.0
606,2019-09-23,7,6.0,7.0,6.0
607,2019-09-23,8,6.0,7.0,6.0
608,2019-09-23,9,6.0,7.0,6.0
609,2019-09-23,10,6.0,7.0,6.0
610,2019-09-23,11,6.0,7.0,6.0
611,2019-09-23,12,6.0,7.0,6.0
612,2019-09-23,13,6.0,7.0,6.0
613,2019-09-23,14,6.0,7.0,6.0
614,2019-09-23,15,6.0,7.0,6.0
615,2019-09-23,16,6.0,7.0,6.0
616,2019-09-23,17,6.0,7.0,6.0
617,2019-09-23,18,6.0,7.0,6.0
618,2019-09-23,19,6.0,7.0,6.0
619,2019-09-23,20,6.0,7.0,6.0
620,2019-09-23,21,6.0,7.0,6.0
621,2019-09-23,22,6.0,7.0,6.0
622,2019-09-23,23,6.0,7.0,6.0
623,2019-09-24,0,6.0,7.0,6.0
624,2019-09-24,1,2.401500756763941,2.4741170443262437,2.294739301115473
625,2019-09-24,2,6.0,7.0,6.0
626,2019-09-24,3,6.0,7.0,6.0
627,2019-09-24,4,6.0,7.0,6.0
628,2019-09-24,5,6.0,7.0,6.0
629,2019-09-24,6,6.0,7.0,6.0
630,2019-09-24,7,6.0,7.0,6.0
631,2019-09-24,8,6.0,7.0,6.0
632,2019-09-24,9,6.0,7.0,6.0
633,2019-09-24,10,6.0,7.0,6.0
634,2019-09-24,11,6.0,7.0,6.0
635,2019-09-24,12,6.0,7.0,6.0
636,2019-09-24,13,6.0,7.0,6.0
637,2019-09-24,14,6.0,7.0,6.0
638,2019-09-24,15,5.0,7.0,6.0
639,2019-09-24,16,5.0,7.0,6.0
640,2019-09-24,17,5.0,7.0,6.0
641,2019-09-24,18,5.0,7.0,6.0
642,2019-09-24,19,5.0,7.0,6.0
643,2019-09-24,20,5.0,7.0,6.0
644,2019-09-24,21,4.0,7.0,5.0
645,2019-09-24,22,4.0,7.0,5.0
646,2019-09-24,23,4.0,7.0,5.0
647,2019-09-25,2,4.0,7.0,5.0
648,2019-09-25,3,4.0,7.0,5.0
649,2019-09-25,4,4.0,7.0,5.0
650,2019-09-25,5,4.0,7.0,5.0
651,2019-09-25,6,3.0,7.0,5.0
652,2019-09-25,7,3.0,7.0,5.0
653,2019-09-25,8,3.0,7.0,5.0
654,2019-09-25,9,3.0,6.0,4.0
655,2019-09-25,10,3.0,6.0,4.0
656,2019-09-25,11,3.0,6.0,4.0
657,2019-09-25,12,3.0,6.0,4.0
658,2019-09-25,13,3.0,6.0,4.0
659,2019-09-25,14,3.0,5.0,4.0
660,2019-09-25,15,3.0,5.0,4.0
661,2019-09-25,16,3.0,5.0,4.0
662,2019-09-25,17,3.0,5.0,4.0
663,2019-09-25,18,3.0,5.0,4.0
664,2019-09-25,19,3.0,5.0,4.0
665,2019-09-25,20,3.0,4.0,3.0
666,2019-09-25,21,3.0,4.0,3.0
667,2019-09-25,22,3.0,4.0,3.0
668,2019-09-25,23,3.0,4.0,3.0
669,2019-09-26,0,2.0,4.0,3.0
670,2019-09-26,1,2.0,4.0,3.0
671,2019-09-26,2,2.0,4.0,3.0
672,2019-09-26,3,2.0,4.0,3.0
673,2019-09-26,4,2.0,3.0,2.0
674,2019-09-26,5,2.0,3.0,2.0
675,2019-09-26,6,2.0,3.0,2.0
676,2019-09-26,7,2.0,3.0,2.0
677,2019-09-26,8,2.0,3.0,2.0
678,2019-09-26,10,2.0,3.0,2.0
679,2019-09-26,11,2.0,3.0,2.0
680,2019-09-26,12,2.0,3.0,2.0
681,2019-09-26,13,2.0,3.0,2.0
682,2019-09-26,14,2.0,3.0,2.0
683,2019-09-26,15,2.0,3.0,2.0
684,2019-09-26,16,2.0,3.0,2.0
685,2019-09-26,17,2.0,3.0,2.0
686,2019-09-26,18,2.0,3.0,2.0
687,2019-09-26,19,2.0,3.0,2.0
688,2019-09-26,20,2.0,3.0,2.0
689,2019-09-26,21,2.0,3.0,2.0
690,2019-09-26,22,2.0,3.0,2.0
691,2019-09-26,23,2.0,3.0,2.0
692,2019-09-27,0,1.7584038129220663,1.8666914641212293,1.69878140631193
693,2019-09-27,1,2.0,4.0,3.0
694,2019-09-27,2,2.0,4.0,3.0
695,2019-09-27,3,2.0,4.0,3.0
696,2019-09-27,4,1.6472482354250686,1.8361292968879064,1.6323481051664575
697,2019-09-27,5,1.9447773963429182,2.3567777647520196,2.0325090921356193
698,2019-09-27,6,4.0,5.0,4.0
699,2019-09-27,7,4.0,5.0,4.0
700,2019-09-27,8,4.0,5.0,4.0
701,2019-09-27,9,4.0,5.0,4.0
702,2019-09-27,10,4.0,5.0,4.0
703,2019-09-27,11,4.0,5.0,4.0
704,2019-09-27,12,4.0,5.0,4.0
705,2019-09-27,13,4.0,5.0,4.0
706,2019-09-27,14,4.0,5.0,4.0
707,2019-09-27,15,4.0,5.0,4.0
708,2019-09-27,16,4.0,5.0,4.0
709,2019-09-27,17,5.0,5.0,5.0
710,2019-09-27,18,5.0,5.0,5.0
711,2019-09-27,19,5.0,5.0,5.0
712,2019-09-27,20,5.0,5.0,5.0
713,2019-09-27,21,5.0,5.0,5.0
714,2019-09-27,22,5.0,5.0,5.0
715,2019-09-27,23,5.0,5.0,5.0
716,2019-09-28,0,5.0,5.0,5.0
717,2019-09-28,1,5.0,6.0,5.0
718,2019-09-28,2,5.0,6.0,5.0
719,2019-09-28,3,5.0,6.0,5.0
720,2019-09-28,4,5.0,6.0,5.0
721,2019-09-28,5,5.0,6.0,5.0
722,2019-09-28,6,5.0,6.0,5.0
723,2019-09-28,7,5.0,6.0,5.0
724,2019-09-28,8,5.0,6.0,5.0
725,2019-09-28,9,5.0,6.0,5.0
726,2019-09-28,10,5.0,6.0,5.0
727,2019-09-28,11,5.0,6.0,5.0
728,2019-09-28,12,5.0,6.0,5.0
729,2019-09-28,13,5.0,6.0,5.0
730,2019-09-28,14,5.0,6.0,5.0
731,2019-09-28,15,5.0,6.0,5.0
732,2019-09-28,16,5.0,6.0,5.0
733,2019-09-28,17,5.0,6.0,5.0
734,2019-09-28,18,5.0,6.0,5.0
735,2019-09-28,19,5.0,6.0,5.0
736,2019-09-28,20,5.0,6.0,5.0
737,2019-09-28,21,5.0,6.0,5.0
738,2019-09-28,22,5.0,6.0,5.0
739,2019-09-28,23,5.0,6.0,5.0
740,2019-09-29,0,5.0,6.0,5.0
741,2019-09-29,1,5.0,6.0,5.0
742,2019-09-29,2,5.0,6.0,5.0
743,2019-09-29,3,5.0,6.0,5.0
744,2019-09-29,4,5.0,6.0,5.0
745,2019-09-29,5,5.0,6.0,5.0
746,2019-09-29,6,5.0,6.0,5.0
747,2019-09-29,7,4.0,6.0,5.0
748,2019-09-29,9,4.0,6.0,5.0
749,2019-09-29,10,4.0,6.0,5.0
750,2019-09-29,11,4.0,6.0,5.0
751,2019-09-29,12,4.0,6.0,5.0
752,2019-09-29,13,4.0,6.0,5.0
753,2019-09-29,14,4.0,6.0,5.0
754,2019-09-29,15,4.0,6.0,5.0
755,2019-09-29,17,4.0,6.0,5.0
756,2019-09-29,18,4.0,5.0,4.0
757,2019-09-29,19,4.0,5.0,4.0
758,2019-09-29,20,4.0,5.0,4.0
759,2019-09-29,21,4.0,5.0,4.0
760,2019-09-29,22,4.0,5.0,4.0
761,2019-09-29,23,4.0,5.0,4.0
762,2019-09-30,0,4.0,5.0,4.0
763,2019-09-30,1,4.0,5.0,4.0
764,2019-09-30,2,4.0,5.0,4.0
765,2019-09-30,3,4.0,5.0,4.0
766,2019-09-30,4,4.0,5.0,4.0
767,2019-09-30,5,4.0,5.0,4.0
768,2019-09-30,6,4.0,5.0,4.0
769,2019-09-30,7,4.0,4.0,4.0
770,2019-09-30,8,4.0,4.0,4.0
771,2019-09-30,9,4.0,4.0,4.0
772,2019-09-30,10,4.0,4.0,4.0
773,2019-09-30,11,4.0,4.0,4.0
774,2019-09-30,12,4.0,4.0,4.0
775,2019-09-30,13,4.0,4.0,4.0
776,2019-09-30,14,4.0,4.0,4.0
777,2019-09-30,15,4.0,4.0,4.0
778,2019-09-30,16,4.0,4.0,4.0
779,2019-09-30,17,4.0,4.0,4.0
780,2019-09-30,18,4.0,4.0,4.0
781,2019-09-30,19,4.0,4.0,4.0
782,2019-09-30,20,4.0,5.0,4.0
783,2019-09-30,21,4.0,5.0,4.0
784,2019-09-30,22,4.0,5.0,4.0
785,2019-09-30,23,4.0,5.0,4.0
786,2019-10-01,0,4.0,5.0,4.0
787,2019-10-01,1,1.327666623621974,1.2192353713664736,1.1805170702028038
788,2019-10-01,2,4.0,5.0,4.0
789,2019-10-01,3,4.0,5.0,4.0
790,2019-10-01,4,4.0,5.0,4.0
791,2019-10-01,5,4.0,5.0,4.0
792,2019-10-01,6,4.0,5.0,4.0
793,2019-10-01,7,4.0,5.0,4.0
794,2019-10-01,8,4.0,5.0,4.0
795,2019-10-01,9,4.0,5.0,4.0
796,2019-10-01,10,4.0,5.0,4.0
797,2019-10-01,15,4.0,5.0,4.0
798,2019-10-01,16,4.0,5.0,4.0
799,2019-10-01,17,4.0,5.0,4.0
800,2019-10-01,18,4.0,5.0,4.0
801,2019-10-01,19,4.0,5.0,4.0
802,2019-10-01,20,4.0,5.0,4.0
803,2019-10-01,21,4.0,5.0,4.0
804,2019-10-01,22,4.0,5.0,4.0
805,2019-10-01,23,4.0,5.0,4.0
806,2019-10-02,15,4.0,5.0,4.0
807,2019-10-02,16,4.0,5.0,4.0
808,2019-10-02,17,4.0,6.0,5.0
809,2019-10-02,18,4.0,6.0,5.0
810,2019-10-02,19,4.0,6.0,5.0
811,2019-10-02,20,4.0,6.0,5.0
812,2019-10-02,22,4.0,6.0,5.0
813,2019-10-02,23,4.0,6.0,5.0
814,2019-10-03,0,4.0,6.0,5.0
815,2019-10-03,1,4.0,6.0,5.0
816,2019-10-03,2,4.0,6.0,5.0
817,2019-10-03,3,4.0,6.0,5.0
818,2019-10-03,4,4.0,6.0,5.0
819,2019-10-03,5,4.0,6.0,5.0
820,2019-10-03,6,4.0,6.0,5.0
821,2019-10-03,7,4.0,6.0,5.0
822,2019-10-03,8,4.0,6.0,5.0
823,2019-10-03,9,4.0,6.0,5.0
824,2019-10-03,10,5.0,6.0,5.0
825,2019-10-03,11,5.0,6.0,5.0
826,2019-10-03,12,5.0,6.0,5.0
827,2019-10-03,13,5.0,6.0,5.0
828,2019-10-03,14,5.0,6.0,5.0
829,2019-10-03,15,5.0,6.0,5.0
830,2019-10-03,16,4.376030676207701,4.301102096655276,4.071733422081313
831,2019-10-03,17,5.0,6.0,5.0
832,2019-10-03,18,5.0,6.0,5.0
833,2019-10-03,19,5.0,6.0,5.0
834,2019-10-03,20,5.0,6.0,5.0
835,2019-10-03,21,5.0,6.0,5.0
836,2019-10-03,22,5.0,6.0,5.0
837,2019-10-03,23,5.0,6.0,5.0
838,2019-10-04,0,5.0,6.0,5.0
839,2019-10-04,1,4.0,6.0,5.0
840,2019-10-04,2,4.0,6.0,5.0
841,2019-10-04,3,4.0,6.0,5.0
842,2019-10-04,4,4.0,6.0,5.0
843,2019-10-04,5,4.0,6.0,5.0
844,2019-10-04,6,4.0,6.0,5.0
845,2019-10-04,7,4.0,6.0,5.0
846,2019-10-04,8,4.0,6.0,5.0
847,2019-10-04,9,4.0,6.0,5.0
848,2019-10-04,10,3.0,6.0,4.0
849,2019-10-04,11,3.0,6.0,4.0
850,2019-10-04,12,3.0,6.0,4.0
851,2019-10-04,13,3.0,6.0,4.0
852,2019-10-04,14,3.0,5.0,4.0
853,2019-10-04,15,3.0,5.0,4.0
854,2019-10-04,16,3.0,5.0,4.0
855,2019-10-04,18,3.0,5.0,4.0
856,2019-10-04,19,3.0,5.0,4.0
857,2019-10-04,20,3.0,5.0,4.0
858,2019-10-04,21,3.0,5.0,4.0
859,2019-10-04,22,3.0,5.0,4.0
860,2019-10-04,23,3.0,5.0,4.0
861,2019-10-05,0,3.0,5.0,4.0
862,2019-10-05,1,3.0,4.0,3.0
863,2019-10-05,2,3.0,4.0,3.0
864,2019-10-05,3,3.0,4.0,3.0
865,2019-10-05,4,3.0,4.0,3.0
866,2019-10-05,5,3.0,4.0,3.0
867,2019-10-05,6,3.0,4.0,3.0
868,2019-10-05,7,3.0,4.0,3.0
869,2019-10-05,8,3.0,4.0,3.0
870,2019-10-05,9,3.0,4.0,3.0
871,2019-10-05,10,3.0,4.0,3.0
872,2019-10-05,11,3.0,4.0,3.0
873,2019-10-05,12,3.0,4.0,3.0
874,2019-10-05,13,3.0,4.0,3.0
875,2019-10-05,14,3.0,4.0,3.0
876,2019-10-05,15,3.0,4.0,3.0
877,2019-10-05,16,3.0,4.0,3.0
878,2019-10-05,17,3.0,4.0,3.0
879,2019-10-05,18,3.0,4.0,3.0
880,2019-10-05,19,3.0,4.0,3.0
881,2019-10-05,20,3.0,4.0,3.0
882,2019-10-05,21,3.0,4.0,3.0
883,2019-10-05,22,3.0,5.0,4.0
884,2019-10-05,23,3.0,5.0,4.0
885,2019-10-06,0,2.7169507744245864,3.0478470198474383,2.745787188843108
886,2019-10-06,1,4.0,5.0,4.0
887,2019-10-06,2,4.0,5.0,4.0
888,2019-10-06,3,4.0,5.0,4.0
889,2019-10-06,4,4.0,5.0,4.0
890,2019-10-06,5,4.0,5.0,4.0
891,2019-10-06,6,4.0,5.0,4.0
892,2019-10-06,7,2.9409028151830356,3.0488280096943274,2.813436940147621
893,2019-10-06,9,4.0,5.0,4.0
894,2019-10-06,10,4.0,6.0,5.0
895,2019-10-06,11,4.0,6.0,5.0
896,2019-10-06,12,4.0,6.0,5.0
897,2019-10-06,13,4.0,6.0,5.0
898,2019-10-06,14,4.0,6.0,5.0
899,2019-10-06,15,4.0,6.0,5.0
900,2019-10-06,16,4.0,7.0,5.0
901,2019-10-06,17,3.874888837632396,4.046808740621276,3.735069433414181
902,2019-10-06,18,4.0,7.0,5.0
903,2019-10-06,19,4.0,7.0,5.0
904,2019-10-06,20,4.0,7.0,5.0
905,2019-10-06,21,5.0,7.0,6.0
906,2019-10-06,22,5.0,7.0,6.0
907,2019-10-06,23,5.0,7.0,6.0
908,2019-10-07,0,5.0,8.0,6.0
909,2019-10-07,1,5.0,8.0,6.0
910,2019-10-07,2,5.0,8.0,6.0
911,2019-10-07,3,5.0,8.0,6.0
912,2019-10-07,4,5.0,8.0,6.0
913,2019-10-07,5,5.0,8.0,6.0
914,2019-10-07,6,5.0,8.0,6.0
915,2019-10-07,7,5.0,8.0,6.0
916,2019-10-07,8,5.0,8.0,6.0
917,2019-10-07,9,6.0,8.0,7.0
918,2019-10-07,10,4.0357354893585695,4.398407279524004,4.024523538749754
919,2019-10-07,11,6.0,8.0,7.0
920,2019-10-07,12,6.0,8.0,7.0
921,2019-10-07,13,6.0,8.0,7.0
922,2019-10-07,14,7.0,8.0,7.0
923,2019-10-07,15,7.0,8.0,7.0
924,2019-10-07,16,7.0,8.0,7.0
925,2019-10-07,17,7.0,8.0,7.0
926,2019-10-07,18,7.0,8.0,7.0
927,2019-10-07,19,7.0,8.0,7.0
928,2019-10-07,20,6.0,8.0,7.0
929,2019-10-07,21,6.0,8.0,7.0
930,2019-10-07,22,6.0,8.0,7.0
931,2019-10-07,23,6.0,8.0,7.0
932,2019-10-08,0,5.0,8.0,6.0
933,2019-10-08,1,5.0,8.0,6.0
934,2019-10-08,2,5.0,8.0,6.0
935,2019-10-08,3,5.0,8.0,6.0
936,2019-10-08,4,5.0,8.0,6.0
937,2019-10-08,5,5.0,8.0,6.0
938,2019-10-08,6,4.0,8.0,6.0
939,2019-10-08,7,4.200376383953642,4.410658993308142,4.093149125495571
940,2019-10-08,8,4.0,7.0,5.0
941,2019-10-08,9,3.9668588554418407,4.352416880023463,3.9571636096358866
942,2019-10-08,10,4.0,7.0,5.0
943,2019-10-08,11,4.0,7.0,5.0
944,2019-10-08,12,3.0,7.0,5.0
945,2019-10-08,13,3.0,7.0,5.0
946,2019-10-08,14,3.0,7.0,5.0
947,2019-10-08,15,3.0,7.0,5.0
948,2019-10-08,16,3.0,7.0,5.0
949,2019-10-08,17,3.0,7.0,5.0
950,2019-10-08,18,3.0,7.0,5.0
951,2019-10-08,19,3.0,6.0,4.0
952,2019-10-08,20,3.0,6.0,4.0
953,2019-10-08,21,3.0,6.0,4.0
954,2019-10-08,22,3.0,6.0,4.0
955,2019-10-08,23,3.0,5.0,4.0
956,2019-10-09,0,3.0,5.0,4.0
957,2019-10-09,1,3.0,5.0,4.0
958,2019-10-09,2,3.0,5.0,4.0
959,2019-10-09,3,3.0,5.0,4.0
960,2019-10-09,4,3.0,5.0,4.0
961,2019-10-09,5,3.0,5.0,4.0
962,2019-10-09,6,3.0,5.0,4.0
963,2019-10-09,7,3.0,5.0,4.0
964,2019-10-09,8,3.0,5.0,4.0
965,2019-10-09,9,3.0,5.0,4.0
966,2019-10-09,10,3.0,5.0,4.0
967,2019-10-09,11,3.0,5.0,4.0
968,2019-10-09,12,3.0,5.0,4.0
969,2019-10-09,13,3.0,5.0,4.0
970,2019-10-09,14,3.0,6.0,4.0
971,2019-10-09,15,3.0,6.0,4.0
972,2019-10-09,16,3.0,6.0,4.0
973,2019-10-09,17,3.0,6.0,4.0
974,2019-10-09,18,3.0,6.0,4.0
975,2019-10-09,19,3.0,6.0,4.0
976,2019-10-09,20,3.0,6.0,4.0
977,2019-10-09,21,3.0,6.0,4.0
978,2019-10-09,22,3.0,7.0,5.0
979,2019-10-09,23,3.0,7.0,5.0
980,2019-10-10,0,4.0,7.0,5.0
981,2019-10-10,1,4.0,8.0,6.0
982,2019-10-10,2,5.0,8.0,6.0
983,2019-10-10,3,5.0,8.0,6.0
984,2019-10-10,4,5.0,8.0,6.0
985,2019-10-10,5,5.0,8.0,6.0
986,2019-10-10,6,5.0,8.0,6.0
987,2019-10-10,7,5.0,8.0,6.0
988,2019-10-10,8,5.0,8.0,6.0
989,2019-10-10,9,5.0,8.0,6.0
990,2019-10-10,10,5.0,8.0,6.0
991,2019-10-10,11,5.0,8.0,6.0
992,2019-10-10,12,5.0,8.0,6.0
993,2019-10-10,13,6.0,8.0,7.0
994,2019-10-10,14,6.0,8.0,7.0
995,2019-10-10,15,6.0,8.0,7.0
996,2019-10-10,16,6.0,8.0,7.0
997,2019-10-10,17,6.0,8.0,7.0
998,2019-10-10,18,6.0,8.0,7.0
999,2019-10-10,19,6.0,8.0,7.0
1000,2019-10-10,20,6.0,8.0,7.0
1001,2019-10-10,21,7.0,8.0,7.0
1002,2019-10-10,22,7.0,8.0,7.0
1003,2019-10-10,23,7.0,8.0,7.0
1004,2019-10-11,0,7.0,8.0,7.0
1005,2019-10-11,1,4.9529441092865305,12.808940779967495,8.749569455599156
1006,2019-10-11,2,7.0,8.0,7.0
1007,2019-10-11,3,7.0,8.0,7.0
1008,2019-10-11,4,7.0,8.0,7.0
1009,2019-10-11,5,7.0,8.0,7.0
1010,2019-10-11,6,7.0,8.0,7.0
1011,2019-10-11,7,7.0,8.0,7.0
1012,2019-10-11,8,7.0,8.0,7.0
1013,2019-10-11,9,7.0,8.0,7.0
1014,2019-10-11,10,7.0,8.0,7.0
1015,2019-10-11,11,7.0,8.0,7.0
1016,2019-10-11,12,7.0,8.0,7.0
1017,2019-10-11,13,10.655605562508484,13.346842076829615,11.495046016482357
1018,2019-10-11,14,7.0,8.0,7.0
1019,2019-10-11,15,7.0,8.0,7.0
1020,2019-10-11,16,7.0,8.0,7.0
1021,2019-10-11,17,7.0,8.0,7.0
1022,2019-10-11,18,7.0,8.0,7.0
1023,2019-10-11,19,7.0,8.0,7.0
1024,2019-10-11,20,7.0,8.0,7.0
1025,2019-10-11,21,7.0,8.0,7.0
1026,2019-10-11,22,7.0,8.0,7.0
1027,2019-10-11,23,6.0,8.0,7.0
1028,2019-10-12,0,6.0,8.0,7.0
1029,2019-10-12,1,6.0,8.0,7.0
1030,2019-10-12,2,6.0,8.0,7.0
1031,2019-10-12,3,6.0,8.0,7.0
1032,2019-10-12,4,6.0,8.0,7.0
1033,2019-10-12,5,6.0,8.0,7.0
1034,2019-10-12,6,6.0,8.0,7.0
1035,2019-10-12,7,6.0,7.0,6.0
1036,2019-10-12,8,6.0,7.0,6.0
1037,2019-10-12,9,6.0,7.0,6.0
1038,2019-10-12,10,6.0,7.0,6.0
1039,2019-10-12,11,6.0,7.0,6.0
1040,2019-10-12,12,6.0,7.0,6.0
1041,2019-10-12,13,6.0,7.0,6.0
1042,2019-10-12,14,6.0,7.0,6.0
1043,2019-10-12,15,6.0,7.0,6.0
1044,2019-10-13,2,6.0,7.0,6.0
1045,2019-10-13,3,6.0,7.0,6.0
1046,2019-10-13,4,6.0,7.0,6.0
1047,2019-10-13,5,6.0,7.0,6.0
1048,2019-10-13,6,6.0,7.0,6.0
1049,2019-10-13,7,6.0,7.0,6.0
1050,2019-10-13,8,6.0,7.0,6.0
1051,2019-10-13,9,6.0,7.0,6.0
1052,2019-10-13,16,6.0,9.0,7.0
1053,2019-10-13,17,6.912280817615057,12.09439483107667,9.238710258656575
1054,2019-10-13,18,6.0,9.0,7.0
1055,2019-10-13,19,6.0,9.0,7.0
1056,2019-10-13,20,6.0,9.0,7.0
1057,2019-10-13,23,6.0,9.0,7.0
1058,2019-10-14,0,6.0,9.0,7.0
1059,2019-10-14,1,6.0,9.0,7.0
1060,2019-10-14,2,6.0,9.0,7.0
1061,2019-10-14,3,6.0,9.0,7.0
1062,2019-10-14,4,6.0,9.0,7.0
1063,2019-10-14,5,6.0,9.0,7.0
1064,2019-10-14,6,6.0,9.0,7.0
1065,2019-10-14,7,6.0,9.0,7.0
1066,2019-10-14,8,6.0,9.0,7.0
1067,2019-10-14,9,6.0,9.0,7.0
1068,2019-10-14,10,7.0,9.0,8.0
1069,2019-10-14,11,7.0,9.0,8.0
1070,2019-10-14,12,6.0,9.0,7.0
1071,2019-10-14,13,5.0,9.0,7.0
1072,2019-10-14,14,5.0,9.0,7.0
1073,2019-10-14,15,5.0,9.0,7.0
1074,2019-10-14,16,5.0,9.0,7.0
1075,2019-10-14,17,5.0,9.0,7.0
1076,2019-10-14,18,5.0,9.0,7.0
1077,2019-10-14,19,5.0,9.0,7.0
1078,2019-10-14,20,5.0,9.0,7.0
1079,2019-10-14,21,5.0,9.0,7.0
1080,2019-10-14,22,5.0,9.0,7.0
1081,2019-10-14,23,5.0,9.0,7.0
1082,2019-10-15,0,5.0,9.0,7.0
1083,2019-10-15,1,5.0,9.0,7.0
1084,2019-10-15,2,5.0,9.0,7.0
1085,2019-10-15,3,5.0,9.0,7.0
1086,2019-10-15,4,5.0,9.0,7.0
1087,2019-10-15,5,5.0,8.0,6.0
1088,2019-10-15,6,5.0,8.0,6.0
1089,2019-10-15,7,5.0,8.0,6.0
1090,2019-10-15,8,5.0,8.0,6.0
1091,2019-10-15,9,5.0,8.0,6.0
1092,2019-10-15,10,11.088777568965565,12.866913666530564,11.521348312689327
1093,2019-10-15,15,5.0,6.0,5.0
1094,2019-10-15,16,5.0,6.0,5.0
1095,2019-10-15,17,5.0,6.0,5.0
1096,2019-10-15,18,7.177499965283593,12.762753111866532,9.75826744054516
1097,2019-10-15,19,5.0,6.0,5.0
1098,2019-10-15,20,7.288659384746025,13.208293405720783,9.964916228084137
1099,2019-10-15,21,7.219092568309657,13.180752156719734,9.941282815857475
1100,2019-10-15,22,5.0,6.0,5.0
1101,2019-10-15,23,5.0,6.0,5.0
1102,2019-10-16,0,5.0,6.0,5.0
1103,2019-10-16,1,5.0,6.0,5.0
1104,2019-10-16,2,5.0,6.0,5.0
1105,2019-10-16,3,5.0,6.0,5.0
1106,2019-10-16,4,5.0,6.0,5.0
1107,2019-10-16,5,5.0,6.0,5.0
1108,2019-10-16,6,5.0,6.0,5.0
1109,2019-10-16,7,5.0,6.0,5.0
1110,2019-10-16,8,5.0,6.0,5.0
1111,2019-10-16,9,5.0,6.0,5.0
1112,2019-10-16,10,7.141745454325392,7.944800922766885,7.158795627131651
1113,2019-10-16,11,5.0,6.0,5.0
1114,2019-10-16,12,5.0,6.0,5.0
1115,2019-10-16,13,5.0,6.0,5.0
1116,2019-10-16,14,5.0,6.0,5.0
1117,2019-10-16,15,5.0,6.0,5.0
1118,2019-10-16,16,5.0,6.0,5.0
1119,2019-10-16,17,5.0,6.0,5.0
1120,2019-10-16,18,5.0,6.0,5.0
1121,2019-10-16,19,5.0,6.0,5.0
1122,2019-10-16,20,5.0,6.0,5.0
1123,2019-10-16,21,5.0,6.0,5.0
1124,2019-10-16,22,5.0,6.0,5.0
1125,2019-10-16,23,5.0,6.0,5.0
1126,2019-10-17,0,5.0,6.0,5.0
1127,2019-10-17,1,5.0,6.0,5.0
1128,2019-10-17,2,5.0,6.0,5.0
1129,2019-10-17,3,5.0,6.0,5.0
1130,2019-10-17,4,5.0,6.0,5.0
1131,2019-10-17,5,5.0,6.0,5.0
1132,2019-10-17,6,5.0,6.0,5.0
1133,2019-10-17,7,5.0,6.0,5.0
1134,2019-10-17,8,5.0,6.0,5.0
1135,2019-10-17,9,5.0,6.0,5.0
1136,2019-10-17,10,5.0,6.0,5.0
1137,2019-10-17,11,5.0,6.0,5.0
1138,2019-10-17,12,5.0,6.0,5.0
1139,2019-10-17,13,5.0,6.0,5.0
1140,2019-10-17,14,5.0,6.0,5.0
1141,2019-10-17,15,5.0,6.0,5.0
1142,2019-10-17,16,5.0,6.0,5.0
1143,2019-10-17,17,5.0,6.0,5.0
1144,2019-10-17,18,5.0,6.0,5.0
1145,2019-10-17,19,4.0,6.0,5.0
1146,2019-10-17,20,4.0,6.0,5.0
1147,2019-10-17,21,4.0,6.0,5.0
1148,2019-10-17,22,4.0,6.0,5.0
1149,2019-10-17,23,4.0,6.0,5.0
1150,2019-10-18,0,4.0,6.0,5.0
1151,2019-10-18,1,4.0,6.0,5.0
1152,2019-10-18,2,4.0,6.0,5.0
1153,2019-10-18,3,4.0,6.0,5.0
1154,2019-10-18,4,3.0,6.0,4.0
1155,2019-10-18,5,3.0,6.0,4.0
1156,2019-10-18,6,3.0,6.0,4.0
1157,2019-10-18,7,3.0,6.0,4.0
1158,2019-10-18,8,3.0,5.0,4.0
1159,2019-10-18,9,3.0,5.0,4.0
1160,2019-10-18,10,6.988469164917331,9.756491676114313,8.079252000103239
1161,2019-10-18,11,3.0,5.0,4.0
1162,2019-10-18,12,3.0,5.0,4.0
1163,2019-10-18,13,3.0,5.0,4.0
1164,2019-10-18,14,3.0,5.0,4.0
1165,2019-10-18,15,3.0,5.0,4.0
1166,2019-10-18,16,2.0,5.0,3.0
1167,2019-10-18,17,2.0,5.0,3.0
1168,2019-10-18,18,2.0,4.0,3.0
1169,2019-10-18,19,2.0,4.0,3.0
1170,2019-10-18,20,2.0,4.0,3.0
1171,2019-10-18,21,2.0,4.0,3.0
1172,2019-10-18,22,2.0,4.0,3.0
1173,2019-10-18,23,2.0,4.0,3.0
1174,2019-10-19,0,2.0,4.0,3.0
1175,2019-10-19,1,2.0,4.0,3.0
1176,2019-10-19,2,2.0,4.0,3.0
1177,2019-10-19,3,2.0,3.0,2.0
1178,2019-10-19,4,2.0,3.0,2.0
1179,2019-10-19,5,2.0,3.0,2.0
1180,2019-10-19,6,2.0,3.0,2.0
1181,2019-10-19,7,2.0,3.0,2.0
1182,2019-10-19,8,2.0,3.0,2.0
1183,2019-10-19,9,2.0,3.0,2.0
1184,2019-10-19,11,2.0,3.0,2.0
1185,2019-10-19,12,2.0,3.0,2.0
1186,2019-10-19,13,2.0,3.0,2.0
1187,2019-10-19,14,2.0,3.0,2.0
1188,2019-10-19,15,2.0,2.0,2.0
1189,2019-10-19,16,2.0,2.0,2.0
1190,2019-10-19,17,2.0,2.0,2.0
1191,2019-10-19,18,2.0,2.0,2.0
1192,2019-10-19,19,2.0,2.0,2.0
1193,2019-10-19,20,2.0,2.0,2.0
1194,2019-10-19,21,2.0,2.0,2.0
1195,2019-10-19,22,2.0,2.0,2.0
1196,2019-10-19,23,2.0,2.0,2.0
1197,2019-10-20,0,2.0,2.0,2.0
1198,2019-10-20,1,2.0,2.0,2.0
1199,2019-10-20,2,2.0,2.0,2.0
1200,2019-10-20,3,2.0,2.0,2.0
1201,2019-10-20,4,2.0,2.0,2.0
1202,2019-10-20,5,2.0,2.0,2.0
1203,2019-10-20,6,2.0,3.0,2.0
1204,2019-10-20,7,2.0,3.0,2.0
1205,2019-10-20,8,2.0,3.0,2.0
1206,2019-10-20,9,2.0,4.0,3.0
1207,2019-10-20,10,2.0,4.0,3.0
1208,2019-10-20,11,2.0,4.0,3.0
1209,2019-10-20,12,2.0,4.0,3.0
1210,2019-10-20,13,2.0,4.0,3.0
1211,2019-10-20,14,2.0,4.0,3.0
1212,2019-10-20,15,2.0,4.0,3.0
1213,2019-10-20,16,2.0,4.0,3.0
1214,2019-10-20,17,2.0,4.0,3.0
1215,2019-10-20,18,4.540302953106188,7.3259239374061895,5.747308717276157
1216,2019-10-20,19,2.0,4.0,3.0
1217,2019-10-20,20,2.0,4.0,3.0
1218,2019-10-20,21,2.0,4.0,3.0
1219,2019-10-20,22,2.0,4.0,3.0
1220,2019-10-20,23,2.0,4.0,3.0
1221,2019-10-21,0,2.0,4.0,3.0
1222,2019-10-21,1,2.0,4.0,3.0
1223,2019-10-21,2,2.0,4.0,3.0
1224,2019-10-21,3,2.0,4.0,3.0
1225,2019-10-21,4,2.0,4.0,3.0
1226,2019-10-21,5,3.0,4.0,3.0
1227,2019-10-21,6,3.0,4.0,3.0
1228,2019-10-21,7,3.0,4.0,3.0
1229,2019-10-21,8,0.19168942711815617,0.46164152162766126,0.25175194444980703
1230,2019-10-21,9,0.19168942711815617,0.46164152162766126,0.25175194444980703
1231,2019-10-21,10,3.0,4.0,3.0
1232,2019-10-21,11,3.0,4.0,3.0
1233,2019-10-21,12,3.0,4.0,3.0
1234,2019-10-21,13,3.0,4.0,3.0
1235,2019-10-21,14,3.0,4.0,3.0
1236,2019-10-21,15,3.0,4.0,3.0
1237,2019-10-21,16,2.7241964325281742,6.874584960767634,4.718765430211836
1238,2019-10-21,17,3.0,4.0,3.0
1239,2019-10-21,18,2.600683116380491,6.564214168556237,4.503549564338963
1240,2019-10-21,19,2.0,4.0,3.0
1241,2019-10-21,20,2.0,4.0,3.0
1242,2019-10-21,21,2.0,4.0,3.0
1243,2019-10-21,22,2.0,4.0,3.0
1244,2019-10-21,23,2.255601418903163,5.393096419940365,3.727584086929116
1245,2019-10-22,0,2.0,4.0,3.0
1246,2019-10-22,1,2.0,4.0,3.0
1247,2019-10-22,2,2.0,4.0,3.0
1248,2019-10-22,3,2.0,4.0,3.0
1249,2019-10-22,4,2.0,4.0,3.0
1250,2019-10-22,5,2.0,4.0,3.0
1251,2019-10-22,6,2.0,4.0,3.0
1252,2019-10-22,7,2.0,4.0,3.0
1253,2019-10-22,8,2.0,4.0,3.0
1254,2019-10-22,9,2.0,4.0,3.0
1255,2019-10-22,10,2.0,4.0,3.0
1256,2019-10-22,11,2.0,4.0,3.0
1257,2019-10-22,12,2.0,4.0,3.0
1258,2019-10-22,13,2.0,4.0,3.0
1259,2019-10-22,14,2.0,4.0,3.0
1260,2019-10-22,15,2.0,4.0,3.0
1261,2019-10-22,16,2.0,4.0,3.0
1262,2019-10-22,17,2.0,4.0,3.0
1263,2019-10-22,18,3.0,5.0,4.0
1264,2019-10-22,19,3.0,5.0,4.0
1265,2019-10-22,20,3.0,5.0,4.0
1266,2019-10-22,21,3.0,5.0,4.0
1267,2019-10-22,22,3.0,5.0,4.0
1268,2019-10-22,23,3.0,5.0,4.0
1269,2019-10-23,0,3.0,5.0,4.0
1270,2019-10-23,1,3.0,6.0,4.0
1271,2019-10-23,2,3.0,6.0,4.0
1272,2019-10-23,3,2.6374886325568663,6.344971390665572,4.466675203711932
1273,2019-10-23,4,3.0,6.0,4.0
1274,2019-10-23,5,3.0,6.0,4.0
1275,2019-10-23,6,3.221545704163732,7.031220049317275,5.032357966931663
1276,2019-10-23,7,3.0,6.0,4.0
1277,2019-10-23,8,3.0,6.0,4.0
1278,2019-10-23,9,3.0,6.0,4.0
1279,2019-10-23,10,0.06389647570605206,0.3847012680230513,0.18881395833735487
1280,2019-10-23,11,0.06389647570605206,0.3847012680230513,0.18881395833735487
1281,2019-10-23,12,0.06389647570605206,0.3847012680230513,0.18881395833735487
1282,2019-10-23,13,0.06389647570605206,0.3847012680230513,0.18881395833735487
1283,2019-10-23,14,0.06389647570605206,0.3847012680230513,0.18881395833735487
1284,2019-10-23,15,4.01208200782676,6.811663770380354,5.24906388275728
1285,2019-10-23,16,4.0,6.0,5.0
1286,2019-10-23,17,5.0,6.0,5.0
1287,2019-10-23,18,5.0,6.0,5.0
1288,2019-10-23,19,5.0,6.0,5.0
1289,2019-10-23,20,5.0,6.0,5.0
1290,2019-10-23,21,4.0,6.0,5.0
1291,2019-10-23,22,4.0,6.0,5.0
1292,2019-10-23,23,3.0,6.0,4.0
1293,2019-10-24,0,3.0,6.0,4.0
1294,2019-10-24,1,3.0,6.0,4.0
1295,2019-10-24,2,3.0,6.0,4.0
1296,2019-10-24,3,3.0,6.0,4.0
1297,2019-10-24,4,2.0,6.0,4.0
1298,2019-10-24,5,2.0,6.0,4.0
1299,2019-10-24,6,2.0,6.0,4.0
1300,2019-10-24,7,3.6363911013207275,5.489147422284168,4.395594810039993
1301,2019-10-24,8,2.0,6.0,4.0
1302,2019-10-24,9,2.0,6.0,4.0
1303,2019-10-24,10,2.0,6.0,4.0
1304,2019-10-24,11,2.0,5.0,3.0
1305,2019-10-24,12,2.0,5.0,3.0
1306,2019-10-24,13,2.0,5.0,3.0
1307,2019-10-24,14,2.0,5.0,3.0
1308,2019-10-24,15,2.0,5.0,3.0
1309,2019-10-24,16,2.0,5.0,3.0
1310,2019-10-24,17,2.0,5.0,3.0
1311,2019-10-24,18,2.0,5.0,3.0
1312,2019-10-24,19,2.0,5.0,3.0
1313,2019-10-24,20,2.0,5.0,3.0
1314,2019-10-24,21,2.0,3.0,2.0
1315,2019-10-24,22,2.0,3.0,2.0
1316,2019-10-24,23,2.0,3.0,2.0
1317,2019-10-25,0,2.0,3.0,2.0
1318,2019-10-25,1,2.0,3.0,2.0
1319,2019-10-25,2,2.0,3.0,2.0
1320,2019-10-25,3,2.0,2.0,2.0
1321,2019-10-25,4,2.0,2.0,2.0
1322,2019-10-25,5,2.0,2.0,2.0
1323,2019-10-25,6,2.0,2.0,2.0
1324,2019-10-25,7,2.0,2.0,2.0
1325,2019-10-25,8,2.0,2.0,2.0
1326,2019-10-25,9,2.0,2.0,2.0
1327,2019-10-25,10,2.0,2.0,2.0
1328,2019-10-25,11,2.0,2.0,2.0
1329,2019-10-25,12,2.0,2.0,2.0
1330,2019-10-25,13,2.0,2.0,2.0
1331,2019-10-25,14,2.0,2.0,2.0
1332,2019-10-25,15,2.0,2.0,2.0
1333,2019-10-25,16,2.0,2.0,2.0
1334,2019-10-25,17,2.0,2.0,2.0
1335,2019-10-25,18,2.0,2.0,2.0
1336,2019-10-25,19,2.0,2.0,2.0
1337,2019-10-25,20,2.0,2.0,2.0
1338,2019-10-25,21,2.0,2.0,2.0
1339,2019-10-25,22,2.0,2.0,2.0
1340,2019-10-25,23,2.0,2.0,2.0
1341,2019-10-26,0,2.0,2.0,2.0
1342,2019-10-26,1,2.0,2.0,2.0
1343,2019-10-26,2,2.0,3.0,2.0
1344,2019-10-26,3,2.0,3.0,2.0
1345,2019-10-26,4,2.0,3.0,2.0
1346,2019-10-26,5,2.0,3.0,2.0
1347,2019-10-26,6,2.0,3.0,2.0
1348,2019-10-26,7,2.0,4.0,3.0
1349,2019-10-26,8,2.0,4.0,3.0
1350,2019-10-26,9,2.0,4.0,3.0
1351,2019-10-26,10,0.31948237853025935,0.3847012680230513,0.3146899305622587
1352,2019-10-26,11,2.0,4.0,3.0
1353,2019-10-26,12,2.0,5.0,3.0
1354,2019-10-26,13,2.0,5.0,3.0
1355,2019-10-26,14,2.0,5.0,3.0
1356,2019-10-26,15,2.0,6.0,4.0
1357,2019-10-26,16,2.0,6.0,4.0
1358,2019-10-26,17,2.0,6.0,4.0
1359,2019-10-26,18,2.0,6.0,4.0
1360,2019-10-26,19,2.0,6.0,4.0
1361,2019-10-26,20,2.0,6.0,4.0
1362,2019-10-26,21,2.0,6.0,4.0
1363,2019-10-26,22,2.0,7.0,4.0
1364,2019-10-26,23,2.0,7.0,4.0
1365,2019-10-27,0,2.0,7.0,4.0
1366,2019-10-27,1,3.0,7.0,5.0
1367,2019-10-27,2,3.0,7.0,5.0
1368,2019-10-27,3,3.0,7.0,5.0
1369,2019-10-27,4,3.0,7.0,5.0
1370,2019-10-27,5,3.0,7.0,5.0
1371,2019-10-27,6,3.01657432129701,12.715101579997567,7.692930027966486
1372,2019-10-27,7,3.01657432129701,12.715101579997567,7.692930027966486
1373,2019-10-27,8,3.01657432129701,12.715101579997567,7.692930027966486
1374,2019-10-27,9,3.01657432129701,9.698296340881559,6.165254733271691
1375,2019-10-27,11,3.01657432129701,7.058591756655052,4.8285388504137465
1376,2019-10-27,12,2.9728205185589336,7.407017147560579,4.989143995002118
1377,2019-10-27,13,3.01657432129701,8.00134339387881,5.401417085924302
1378,2019-10-27,14,2.9728205185589336,8.356634730581165,5.564814455963907
1379,2019-10-27,15,2.9728205185589336,8.546558247185285,5.564814455963907
1380,2019-10-27,16,3.01657432129701,8.58344030445292,5.606014886384271
1381,2019-10-27,17,3.01657432129701,8.58344030445292,5.606014886384271
1382,2019-10-27,18,2.9728205185589336,8.546558247185285,5.564814455963907
1383,2019-10-27,19,3.01657432129701,8.58344030445292,5.606014886384271
1384,2019-10-27,20,3.01657432129701,8.58344030445292,5.606014886384271
1385,2019-10-27,21,3.01657432129701,8.58344030445292,5.606014886384271
1386,2019-10-27,22,3.01657432129701,8.58344030445292,5.606014886384271
1387,2019-10-27,23,3.01657432129701,8.58344030445292,5.606014886384271
1388,2019-10-28,0,4.285296476057633,8.58344030445292,6.178893121894814
1389,2019-10-28,1,4.496750168517737,8.58344030445292,6.36985253373167
1390,2019-10-28,2,5.131111245898051,8.58344030445292,6.560811945568519
1391,2019-10-28,3,5.765472323278374,8.58344030445292,6.9427307692422175
1392,2019-10-28,4,6.399833400658674,8.58344030445292,7.133690181079054
1393,2019-10-28,5,6.822740785578882,8.58344030445292,7.324649592915911
