Date,Hour,PM2_MIN,PM2_MAX,PM2_MOY
2019-08-28,00,400,400,400
2019-08-28,01,400,400,400
2019-08-28,02,400,400,400
2019-08-28,03,400,400,400
2019-08-28,04,400,400,400
2019-08-28,05,400,400,400
2019-08-28,06,400,400,400
2019-08-28,07,8,9,8
2019-08-28,08,8,9,8
2019-08-28,09,8,9,8
2019-08-28,10,8,9,8
2019-08-28,11,8,9,8
2019-08-28,12,8,9,8
2019-08-28,13,8,9,8
2019-08-28,14,8,9,8
2019-08-28,15,8,9,8
2019-08-28,16,8,9,8
2019-08-28,17,8,9,8
2019-08-28,18,8,9,8
2019-08-28,19,8,9,8
2019-08-28,20,8,9,8
2019-08-28,21,8,9,8
2019-08-28,22,8,9,8
2019-08-28,23,8,9,8
2019-08-29,00,8,9,8
2019-08-29,01,8,9,8
2019-08-29,02,8,9,8
2019-08-29,03,8,9,8
2019-08-29,04,8,9,8
2019-08-29,05,8,9,8
2019-08-29,06,8,9,8
2019-08-29,07,8,9,8
2019-08-29,08,8,9,8
2019-08-29,09,8,9,8
2019-08-29,10,8,9,8
2019-08-29,11,8,9,8
2019-08-29,12,8,9,8
2019-08-29,13,8,9,8
2019-08-29,14,8,9,8
2019-08-29,15,8,9,8
2019-08-29,16,8,9,8
2019-08-29,17,8,9,8
2019-08-29,18,8,9,8
2019-08-29,19,8,9,8
2019-08-29,20,8,9,8
2019-08-29,21,8,9,8
2019-08-29,22,8,9,8
2019-08-29,23,8,9,8
2019-08-30,00,7,9,8
2019-08-30,01,7,9,8
2019-08-30,02,7,9,8
2019-08-30,03,7,9,8
2019-08-30,04,7,9,8
2019-08-30,05,7,8,7
2019-08-30,06,7,8,7
2019-08-30,07,7,8,7
2019-08-30,08,6,8,7
2019-08-30,09,6,8,7
2019-08-30,10,6,8,7
2019-08-30,11,6,8,7
2019-08-30,12,6,8,7
2019-08-30,13,6,8,7
2019-08-30,14,6,8,7
2019-08-30,15,5,8,6
2019-08-30,16,5,8,6
2019-08-30,17,5,8,6
2019-08-30,18,5,8,6
2019-08-30,19,5,8,6
2019-08-30,20,5,8,6
2019-08-30,21,5,8,6
2019-08-30,22,4,8,6
2019-08-30,23,4,7,5
2019-08-31,00,4,7,5
2019-08-31,01,4,7,5
2019-08-31,02,4,7,5
2019-08-31,03,4,7,5
2019-08-31,04,4,7,5
2019-08-31,05,4,7,5
2019-08-31,06,4,7,5
2019-08-31,07,4,6,5
2019-08-31,08,4,6,5
2019-08-31,09,4,6,5
2019-08-31,10,4,6,5
2019-08-31,11,4,6,5
2019-08-31,12,4,6,5
2019-08-31,13,4,6,5
2019-08-31,14,4,5,4
2019-08-31,15,4,5,4
2019-08-31,16,4,5,4
2019-08-31,17,4,5,4
2019-08-31,18,4,5,4
2019-08-31,19,4,5,4
2019-08-31,20,400,400,400
2019-08-31,21,4,5,4
2019-08-31,22,4,5,4
2019-08-31,23,4,5,4
2019-09-01,00,4,5,4
2019-09-01,01,4,5,4
2019-09-01,02,4,5,4
2019-09-01,03,4,5,4
2019-09-01,04,4,5,4
2019-09-01,05,4,5,4
2019-09-01,06,4,5,4
2019-09-01,07,4,5,4
2019-09-01,08,4,5,4
2019-09-01,09,4,5,4
2019-09-01,10,4,6,5
2019-09-01,11,4,6,5
2019-09-01,12,4,6,5
2019-09-01,13,5,6,5
2019-09-01,14,5,6,5
2019-09-01,15,5,6,5
2019-09-01,16,5,6,5
2019-09-01,17,5,6,5
2019-09-01,18,400,400,400
2019-09-01,19,400,400,400
2019-09-01,20,5,6,5
2019-09-01,21,5,6,5
2019-09-01,22,5,6,5
2019-09-01,23,5,6,5
2019-09-02,00,5,6,5
2019-09-02,01,5,6,5
2019-09-02,02,5,6,5
2019-09-02,03,5,6,5
2019-09-02,04,5,6,5
2019-09-02,05,5,6,5
2019-09-02,06,5,6,5
2019-09-02,07,5,6,5
2019-09-02,08,5,6,5
2019-09-02,09,4,6,5
2019-09-02,10,4,6,5
2019-09-02,11,4,6,5
2019-09-02,12,4,6,5
2019-09-02,13,4,6,5
2019-09-02,14,4,6,5
2019-09-02,15,4,6,5
2019-09-02,16,4,6,5
2019-09-02,17,4,6,5
2019-09-02,18,4,6,5
2019-09-02,19,4,6,5
2019-09-02,20,4,6,5
2019-09-02,21,4,6,5
2019-09-02,22,4,6,5
2019-09-02,23,4,6,5
2019-09-03,00,4,6,5
2019-09-03,01,4,6,5
2019-09-03,02,4,5,4
2019-09-03,03,4,5,4
2019-09-03,04,4,6,5
2019-09-03,05,4,6,5
2019-09-03,06,4,6,5
2019-09-03,07,4,6,5
2019-09-03,08,4,6,5
2019-09-03,09,4,6,5
2019-09-03,10,4,6,5
2019-09-03,11,4,6,5
2019-09-03,12,4,6,5
2019-09-03,13,4,6,5
2019-09-03,14,4,6,5
2019-09-03,15,4,6,5
2019-09-03,16,4,6,5
2019-09-03,17,5,6,5
2019-09-03,18,5,6,5
2019-09-03,19,5,6,5
2019-09-03,20,400,400,400
2019-09-03,21,400,400,400
2019-09-03,22,5,6,5
2019-09-03,23,5,6,5
2019-09-04,00,5,6,5
2019-09-04,01,5,6,5
2019-09-04,02,5,6,5
2019-09-04,03,5,6,5
2019-09-04,04,5,6,5
2019-09-04,05,5,6,5
2019-09-04,06,5,6,5
2019-09-04,07,5,6,5
2019-09-04,08,5,6,5
2019-09-04,09,5,6,5
2019-09-04,10,5,6,5
2019-09-04,11,4,6,5
2019-09-04,12,4,6,5
2019-09-04,13,4,6,5
2019-09-04,14,400,400,400
2019-09-04,15,4,6,5
2019-09-04,16,4,5,4
2019-09-04,17,4,5,4
2019-09-04,18,4,5,4
2019-09-04,19,4,5,4
2019-09-04,20,3,5,4
2019-09-04,21,3,5,4
2019-09-04,22,3,5,4
2019-09-04,23,3,5,4
2019-09-05,00,3,5,4
2019-09-05,01,3,5,4
2019-09-05,02,3,5,4
2019-09-05,03,3,5,4
2019-09-05,04,2,5,3
2019-09-05,05,2,5,3
2019-09-05,06,2,5,3
2019-09-05,07,2,5,3
2019-09-05,08,2,5,3
2019-09-05,09,2,5,3
2019-09-05,10,2,4,3
2019-09-05,11,2,4,3
2019-09-05,12,2,4,3
2019-09-05,13,2,4,3
2019-09-05,14,2,4,3
2019-09-05,15,2,4,3
2019-09-05,16,2,4,3
2019-09-05,17,2,4,3
2019-09-05,18,400,400,400
2019-09-05,19,400,400,400
2019-09-05,20,2,3,2
2019-09-05,21,2,3,2
2019-09-05,22,2,3,2
2019-09-05,23,2,3,2
2019-09-06,00,2,3,2
2019-09-06,01,2,3,2
2019-09-06,02,2,3,2
2019-09-06,03,2,3,2
2019-09-06,04,2,3,2
2019-09-06,05,2,3,2
2019-09-06,06,2,3,2
2019-09-06,07,2,3,2
2019-09-06,08,3,3,3
2019-09-06,09,2,3,2
2019-09-06,10,2,3,2
2019-09-06,11,2,3,2
2019-09-06,12,2,3,2
2019-09-06,13,2,3,2
2019-09-06,14,2,3,2
2019-09-06,15,2,3,2
2019-09-06,16,2,3,2
2019-09-06,17,2,3,2
2019-09-06,18,2,3,2
2019-09-06,19,2,3,2
2019-09-06,20,2,3,2
2019-09-06,21,2,3,2
2019-09-06,22,2,3,2
2019-09-06,23,2,3,2
2019-09-07,00,2,3,2
2019-09-07,01,2,3,2
2019-09-07,02,2,3,2
2019-09-07,03,2,3,2
2019-09-07,04,2,3,2
2019-09-07,05,2,3,2
2019-09-07,06,2,3,2
2019-09-07,07,2,3,2
2019-09-07,08,2,3,2
2019-09-07,09,2,3,2
2019-09-07,10,2,3,2
2019-09-07,11,2,3,2
2019-09-07,12,2,3,2
2019-09-07,13,2,3,2
2019-09-07,14,2,3,2
2019-09-07,15,2,3,2
2019-09-07,16,2,3,2
2019-09-07,17,2,3,2
2019-09-07,18,2,3,2
2019-09-07,19,2,3,2
2019-09-07,20,2,3,2
2019-09-07,21,2,3,2
2019-09-07,22,2,3,2
2019-09-07,23,2,3,2
2019-09-08,00,2,3,2
2019-09-08,01,2,3,2
2019-09-08,02,2,3,2
2019-09-08,03,2,3,2
2019-09-08,04,2,3,2
2019-09-08,05,2,3,2
2019-09-08,06,2,3,2
2019-09-08,07,2,3,2
2019-09-08,08,2,3,2
2019-09-08,09,2,3,2
2019-09-08,10,2,3,2
2019-09-08,11,2,3,2
2019-09-08,12,2,3,2
2019-09-08,13,2,3,2
2019-09-08,14,2,4,3
2019-09-08,15,2,4,3
2019-09-08,16,2,4,3
2019-09-08,17,2,4,3
2019-09-08,18,2,4,3
2019-09-08,19,2,4,3
2019-09-08,20,2,4,3
2019-09-08,21,2,4,3
2019-09-08,22,2,4,3
2019-09-08,23,2,4,3
2019-09-09,00,2,4,3
2019-09-09,01,2,4,3
2019-09-09,02,3,4,3
2019-09-09,03,3,4,3
2019-09-09,04,3,4,3
2019-09-09,05,3,4,3
2019-09-09,06,3,4,3
2019-09-09,07,3,4,3
2019-09-09,08,3,4,3
2019-09-09,09,3,4,3
2019-09-09,10,3,4,3
2019-09-09,11,3,4,3
2019-09-09,12,3,4,3
2019-09-09,13,3,4,3
2019-09-09,14,3,4,3
2019-09-09,15,3,4,3
2019-09-09,16,3,4,3
2019-09-09,17,400,400,400
2019-09-09,18,400,400,400
2019-09-09,19,400,400,400
2019-09-09,20,3,4,3
2019-09-09,21,3,4,3
2019-09-09,22,3,4,3
2019-09-09,23,3,4,3
2019-09-10,00,3,4,3
2019-09-10,01,3,4,3
2019-09-10,02,3,4,3
2019-09-10,03,3,4,3
2019-09-10,04,3,4,3
2019-09-10,05,3,4,3
2019-09-10,06,3,4,3
2019-09-10,07,3,4,3
2019-09-10,08,3,4,3
2019-09-10,09,3,4,3
2019-09-10,10,3,4,3
2019-09-10,11,3,4,3
2019-09-10,12,400,400,400
2019-09-10,13,3,3,3
2019-09-10,14,3,3,3
2019-09-10,15,3,3,3
2019-09-10,16,3,3,3
2019-09-10,17,3,3,3
2019-09-10,18,3,3,3
2019-09-10,19,3,3,3
2019-09-10,20,3,3,3
2019-09-10,21,3,3,3
2019-09-10,22,3,3,3
2019-09-10,23,3,3,3
2019-09-11,00,3,3,3
2019-09-11,01,3,3,3
2019-09-11,02,3,3,3
2019-09-11,03,3,3,3
2019-09-11,04,3,3,3
2019-09-11,05,3,3,3
2019-09-11,06,3,3,3
2019-09-11,07,3,3,3
2019-09-11,08,3,3,3
2019-09-11,09,3,3,3
2019-09-11,10,3,3,3
2019-09-11,11,3,3,3
2019-09-11,12,3,3,3
2019-09-11,13,3,3,3
2019-09-11,14,3,3,3
2019-09-11,15,3,3,3
2019-09-11,16,3,3,3
2019-09-11,17,3,3,3
2019-09-11,18,3,3,3
2019-09-11,19,3,3,3
2019-09-11,20,3,3,3
2019-09-11,21,3,3,3
2019-09-11,22,3,3,3
2019-09-11,23,3,3,3
2019-09-12,00,400,400,400
2019-09-12,01,3,3,3
2019-09-12,02,3,3,3
2019-09-12,03,3,3,3
2019-09-12,04,3,4,3
2019-09-12,05,3,4,3
2019-09-12,06,3,4,3
2019-09-12,07,3,4,3
2019-09-12,08,3,4,3
2019-09-12,09,3,4,3
2019-09-12,10,3,4,3
2019-09-12,11,3,4,3
2019-09-12,12,3,4,3
2019-09-12,13,3,4,3
2019-09-12,14,3,4,3
2019-09-12,15,3,4,3
2019-09-12,16,3,4,3
2019-09-12,17,3,4,3
2019-09-12,18,3,4,3
2019-09-12,19,3,4,3
2019-09-12,20,3,4,3
2019-09-12,21,3,4,3
2019-09-12,22,3,4,3
2019-09-12,23,3,4,3
2019-09-13,00,3,4,3
2019-09-13,01,3,4,3
2019-09-13,02,3,4,3
2019-09-13,03,400,400,400
2019-09-13,04,3,4,3
2019-09-13,05,3,4,3
2019-09-13,06,3,4,3
2019-09-13,07,3,4,3
2019-09-13,08,201,202,201
2019-09-13,09,3,4,3
2019-09-13,10,3,4,3
2019-09-13,11,3,4,3
2019-09-13,12,400,400,400
2019-09-13,13,3,4,3
2019-09-13,14,3,4,3
2019-09-13,15,3,4,3
2019-09-13,16,3,4,3
2019-09-13,17,3,4,3
2019-09-13,18,3,4,3
2019-09-13,19,2,4,3
2019-09-13,20,2,4,3
2019-09-13,21,2,4,3
2019-09-13,22,2,4,3
2019-09-13,23,2,4,3
2019-09-14,00,2,4,3
2019-09-14,01,400,400,400
2019-09-14,02,2,3,2
2019-09-14,03,2,3,2
2019-09-14,04,2,3,2
2019-09-14,05,2,3,2
2019-09-14,06,2,3,2
2019-09-14,07,2,3,2
2019-09-14,08,2,3,2
2019-09-14,09,2,3,2
2019-09-14,10,2,3,2
2019-09-14,11,2,3,2
2019-09-14,12,2,3,2
2019-09-14,13,2,3,2
2019-09-14,14,2,3,2
2019-09-14,15,2,3,2
2019-09-14,16,2,3,2
2019-09-14,17,1,3,2
2019-09-14,18,1,2,1
2019-09-14,19,1,2,1
2019-09-14,20,1,2,1
2019-09-14,21,1,2,1
2019-09-14,22,1,2,1
2019-09-14,23,1,2,1
2019-09-15,00,1,2,1
2019-09-15,01,1,2,1
2019-09-15,02,1,2,1
2019-09-15,03,1,2,1
2019-09-15,04,1,2,1
2019-09-15,05,1,2,1
2019-09-15,06,400,400,400
2019-09-15,07,1,2,1
2019-09-15,08,1,2,1
2019-09-15,09,1,2,1
2019-09-15,10,1,2,1
2019-09-15,11,1,2,1
2019-09-15,12,1,2,1
2019-09-15,13,1,2,1
2019-09-15,14,1,2,1
2019-09-15,15,1,2,1
2019-09-15,16,1,2,1
2019-09-15,17,1,2,1
2019-09-15,18,1,2,1
2019-09-15,19,1,2,1
2019-09-15,20,1,2,1
2019-09-15,21,1,2,1
2019-09-15,22,1,2,1
2019-09-15,23,1,2,1
2019-09-16,00,1,2,1
2019-09-16,01,1,2,1
2019-09-16,02,1,2,1
2019-09-16,03,1,2,1
2019-09-16,04,1,2,1
2019-09-16,05,1,2,1
2019-09-16,06,1,2,1
2019-09-16,07,1,2,1
2019-09-16,08,1,2,1
2019-09-16,09,1,2,1
2019-09-16,10,1,2,1
2019-09-16,11,1,2,1
2019-09-16,12,1,2,1
2019-09-16,13,1,2,1
2019-09-16,14,1,2,1
2019-09-16,15,1,2,1
2019-09-16,16,1,2,1
2019-09-16,17,1,2,1
2019-09-16,18,1,2,1
2019-09-16,19,1,2,1
2019-09-16,20,1,2,1
2019-09-16,21,1,2,1
2019-09-16,22,1,1,1
2019-09-16,23,1,1,1
2019-09-17,00,1,1,1
2019-09-17,01,1,1,1
2019-09-17,02,1,1,1
2019-09-17,03,1,1,1
2019-09-17,04,1,1,1
2019-09-17,05,1,1,1
2019-09-17,06,1,1,1
2019-09-17,07,1,1,1
2019-09-17,08,1,1,1
2019-09-17,09,1,1,1
2019-09-17,10,1,1,1
2019-09-17,11,1,1,1
2019-09-17,12,1,1,1
2019-09-17,13,1,1,1
2019-09-17,14,1,1,1
2019-09-17,15,1,1,1
2019-09-17,16,1,1,1
2019-09-17,17,1,1,1
2019-09-17,18,1,1,1
2019-09-17,19,1,1,1
2019-09-17,20,1,1,1
2019-09-17,21,1,1,1
2019-09-17,22,1,1,1
2019-09-17,23,1,1,1
2019-09-18,00,1,1,1
2019-09-18,01,1,1,1
2019-09-18,02,1,1,1
2019-09-18,03,1,1,1
2019-09-18,04,1,1,1
2019-09-18,05,1,1,1
2019-09-18,06,1,1,1
2019-09-18,07,1,1,1
2019-09-18,08,1,1,1
2019-09-18,09,1,1,1
2019-09-18,10,1,1,1
2019-09-18,11,1,1,1
2019-09-18,12,1,1,1
2019-09-18,13,1,1,1
2019-09-18,14,1,1,1
2019-09-18,15,1,1,1
2019-09-18,16,0,1,0
2019-09-18,17,0,1,0
2019-09-18,18,0,1,0
2019-09-18,19,0,1,0
2019-09-18,20,0,1,0
2019-09-18,21,0,1,0
2019-09-18,22,0,1,0
2019-09-18,23,0,1,0
2019-09-19,00,0,1,0
2019-09-19,01,0,1,0
2019-09-19,02,0,1,0
2019-09-19,03,0,1,0
2019-09-19,04,0,1,0
2019-09-19,05,0,1,0
2019-09-19,06,0,1,0
2019-09-19,07,0,1,0
2019-09-19,08,0,2,1
2019-09-19,09,0,2,1
2019-09-19,10,0,2,1
2019-09-19,11,0,2,1
2019-09-19,12,400,400,400
2019-09-19,13,0,2,1
2019-09-19,14,0,2,1
2019-09-19,15,0,2,1
2019-09-19,16,0,2,1
2019-09-19,17,0,2,1
2019-09-19,18,0,2,1
2019-09-19,19,0,2,1
2019-09-19,20,1,2,1
2019-09-19,21,1,2,1
2019-09-19,22,1,2,1
2019-09-19,23,1,2,1
2019-09-20,00,1,2,1
2019-09-20,01,1,2,1
2019-09-20,02,1,2,1
2019-09-20,03,1,2,1
2019-09-20,04,1,2,1
2019-09-20,05,1,2,1
2019-09-20,06,1,2,1
2019-09-20,07,2,2,2
2019-09-20,08,400,400,400
2019-09-20,09,2,2,2
2019-09-20,10,2,2,2
2019-09-20,11,2,2,2
2019-09-20,12,2,2,2
2019-09-20,13,2,2,2
2019-09-20,14,2,2,2
2019-09-20,15,2,2,2
2019-09-20,16,2,2,2
2019-09-20,17,2,2,2
2019-09-20,18,2,2,2
2019-09-20,19,2,2,2
2019-09-20,20,2,2,2
2019-09-20,21,2,2,2
2019-09-20,22,2,2,2
2019-09-20,23,2,2,2
2019-09-21,00,2,2,2
2019-09-21,01,2,2,2
2019-09-21,02,2,2,2
2019-09-21,03,2,2,2
2019-09-21,04,2,2,2
2019-09-21,05,2,2,2
2019-09-21,06,2,2,2
2019-09-21,07,2,3,2
2019-09-21,08,2,3,2
2019-09-21,09,2,3,2
2019-09-21,10,2,3,2
2019-09-21,11,2,3,2
2019-09-21,12,2,3,2
2019-09-21,13,2,3,2
2019-09-21,14,2,3,2
2019-09-21,15,2,3,2
2019-09-21,16,2,3,2
2019-09-21,17,2,3,2
2019-09-21,18,2,3,2
2019-09-21,19,2,3,2
2019-09-21,20,2,3,2
2019-09-21,21,2,3,2
2019-09-21,22,2,3,2
2019-09-21,23,2,3,2
2019-09-22,00,2,3,2
2019-09-22,01,2,3,2
2019-09-22,02,1,3,2
2019-09-22,03,1,3,2
2019-09-22,04,1,3,2
2019-09-22,05,1,3,2
2019-09-22,06,1,3,2
2019-09-22,07,1,3,2
2019-09-22,08,1,3,2
2019-09-22,09,1,3,2
2019-09-22,10,1,3,2
2019-09-22,11,1,3,2
2019-09-22,12,1,3,2
2019-09-22,13,1,3,2
2019-09-22,14,1,3,2
2019-09-22,15,1,3,2
2019-09-22,16,1,3,2
2019-09-22,17,400,400,400
2019-09-22,18,400,400,400
2019-09-22,19,400,400,400
2019-09-22,20,400,400,400
2019-09-22,21,400,400,400
2019-09-22,22,400,400,400
2019-09-22,23,400,400,400
2019-09-23,00,400,400,400
2019-09-23,01,400,400,400
2019-09-23,02,1,2,1
2019-09-23,03,1,2,1
2019-09-23,04,1,2,1
2019-09-23,05,1,2,1
2019-09-23,06,1,2,1
2019-09-23,07,1,2,1
2019-09-23,08,1,2,1
2019-09-23,09,1,2,1
2019-09-23,10,1,3,2
2019-09-23,11,1,3,2
2019-09-23,12,1,3,2
2019-09-23,13,1,3,2
2019-09-23,14,1,3,2
2019-09-23,15,1,3,2
2019-09-23,16,1,3,2
2019-09-23,17,1,3,2
2019-09-23,18,1,3,2
2019-09-23,19,1,3,2
2019-09-23,20,2,3,2
2019-09-23,21,2,3,2
2019-09-23,22,2,3,2
2019-09-23,23,2,3,2
2019-09-24,00,2,3,2
2019-09-24,01,2,3,2
2019-09-24,02,2,3,2
2019-09-24,03,2,3,2
2019-09-24,04,2,3,2
2019-09-24,05,2,3,2
2019-09-24,06,2,3,2
2019-09-24,07,2,3,2
2019-09-24,08,2,3,2
2019-09-24,09,1,3,2
2019-09-24,10,1,3,2
2019-09-24,11,1,3,2
2019-09-24,12,1,3,2
2019-09-24,13,1,3,2
2019-09-24,14,1,3,2
2019-09-24,15,1,3,2
2019-09-24,16,1,3,2
2019-09-24,17,1,3,2
2019-09-24,18,1,3,2
2019-09-24,19,1,2,1
2019-09-24,20,1,2,1
2019-09-24,21,1,2,1
2019-09-24,22,0,2,1
2019-09-24,23,0,2,1
2019-09-25,00,400,400,400
2019-09-25,01,400,400,400
2019-09-25,02,0,2,1
2019-09-25,03,0,2,1
2019-09-25,04,0,2,1
2019-09-25,05,0,2,1
2019-09-25,06,0,2,1
2019-09-25,07,0,2,1
2019-09-25,08,0,1,0
2019-09-25,09,0,1,0
2019-09-25,10,0,1,0
2019-09-25,11,0,1,0
2019-09-25,12,0,1,0
2019-09-25,13,0,1,0
2019-09-25,14,0,1,0
2019-09-25,15,0,1,0
2019-09-25,16,0,1,0
2019-09-25,17,0,1,0
2019-09-25,18,0,1,0
2019-09-25,19,0,1,0
2019-09-25,20,0,1,0
2019-09-25,21,0,0,0
2019-09-25,22,0,0,0
2019-09-25,23,0,0,0
2019-09-26,00,0,0,0
2019-09-26,01,0,0,0
2019-09-26,02,0,0,0
2019-09-26,03,0,0,0
2019-09-26,04,0,0,0
2019-09-26,05,0,0,0
2019-09-26,06,0,0,0
2019-09-26,07,0,0,0
2019-09-26,08,0,0,0
2019-09-26,09,400,400,400
2019-09-26,10,0,0,0
2019-09-26,11,0,0,0
2019-09-26,12,0,0,0
2019-09-26,13,0,0,0
2019-09-26,14,0,0,0
2019-09-26,15,0,0,0
2019-09-26,16,0,0,0
2019-09-26,17,0,0,0
2019-09-26,18,0,0,0
2019-09-26,19,0,0,0
2019-09-26,20,0,0,0
2019-09-26,21,0,0,0
2019-09-26,22,0,0,0
2019-09-26,23,0,0,0
2019-09-27,00,0,0,0
2019-09-27,01,0,0,0
2019-09-27,02,0,0,0
2019-09-27,03,0,0,0
2019-09-27,04,0,0,0
2019-09-27,05,400,400,400
2019-09-27,06,0,0,0
2019-09-27,07,0,0,0
2019-09-27,08,0,0,0
2019-09-27,09,0,0,0
2019-09-27,10,0,0,0
2019-09-27,11,0,0,0
2019-09-27,12,0,0,0
2019-09-27,13,0,0,0
2019-09-27,14,0,0,0
2019-09-27,15,0,0,0
2019-09-27,16,0,0,0
2019-09-27,17,0,0,0
2019-09-27,18,0,0,0
2019-09-27,19,0,0,0
2019-09-27,20,0,0,0
2019-09-27,21,0,0,0
2019-09-27,22,0,0,0
2019-09-27,23,0,0,0
2019-09-28,00,0,1,0
2019-09-28,01,0,1,0
2019-09-28,02,0,1,0
2019-09-28,03,0,1,0
2019-09-28,04,0,1,0
2019-09-28,05,0,1,0
2019-09-28,06,0,1,0
2019-09-28,07,0,1,0
2019-09-28,08,0,1,0
2019-09-28,09,0,1,0
2019-09-28,10,0,1,0
2019-09-28,11,0,1,0
2019-09-28,12,0,1,0
2019-09-28,13,0,1,0
2019-09-28,14,0,1,0
2019-09-28,15,0,1,0
2019-09-28,16,0,1,0
2019-09-28,17,0,1,0
2019-09-28,18,0,1,0
2019-09-28,19,0,1,0
2019-09-28,20,0,1,0
2019-09-28,21,0,1,0
2019-09-28,22,0,1,0
2019-09-28,23,0,1,0
2019-09-29,00,0,1,0
2019-09-29,01,0,1,0
2019-09-29,02,0,1,0
2019-09-29,03,0,1,0
2019-09-29,04,0,1,0
2019-09-29,05,0,1,0
2019-09-29,06,1,1,1
2019-09-29,07,1,1,1
2019-09-29,08,400,400,400
2019-09-29,09,1,1,1
2019-09-29,10,1,1,1
2019-09-29,11,1,1,1
2019-09-29,12,0,1,0
2019-09-29,13,0,1,0
2019-09-29,14,0,1,0
2019-09-29,15,0,1,0
2019-09-29,16,400,400,400
2019-09-29,17,0,1,0
2019-09-29,18,0,1,0
2019-09-29,19,0,1,0
2019-09-29,20,0,1,0
2019-09-29,21,0,1,0
2019-09-29,22,0,1,0
2019-09-29,23,0,1,0
2019-09-30,00,0,1,0
2019-09-30,01,0,1,0
2019-09-30,02,0,1,0
2019-09-30,03,0,1,0
2019-09-30,04,0,1,0
2019-09-30,05,0,1,0
2019-09-30,06,0,1,0
2019-09-30,07,0,1,0
2019-09-30,08,0,1,0
2019-09-30,09,0,1,0
2019-09-30,10,0,1,0
2019-09-30,11,0,0,0
2019-09-30,12,0,0,0
2019-09-30,13,0,0,0
2019-09-30,14,0,0,0
2019-09-30,15,0,0,0
2019-09-30,16,0,0,0
2019-09-30,17,0,0,0
2019-09-30,18,0,0,0
2019-09-30,19,0,0,0
2019-09-30,20,0,0,0
2019-09-30,21,0,0,0
2019-09-30,22,0,0,0
2019-09-30,23,0,0,0
2019-10-01,00,0,0,0
2019-10-01,01,0,0,0
2019-10-01,02,0,0,0
2019-10-01,03,0,0,0
2019-10-01,04,0,0,0
2019-10-01,05,0,0,0
2019-10-01,06,0,0,0
2019-10-01,07,0,0,0
2019-10-01,08,0,0,0
2019-10-01,09,0,0,0
2019-10-01,10,0,0,0
2019-10-01,11,400,400,400
2019-10-01,12,400,400,400
2019-10-01,13,400,400,400
2019-10-01,14,400,400,400
2019-10-01,15,0,0,0
2019-10-01,16,0,0,0
2019-10-01,17,0,0,0
2019-10-01,18,0,0,0
2019-10-01,19,0,0,0
2019-10-01,20,0,0,0
2019-10-01,21,0,0,0
2019-10-01,22,0,0,0
2019-10-01,23,0,0,0
2019-10-02,00,400,400,400
2019-10-02,01,400,400,400
2019-10-02,02,400,400,400
2019-10-02,03,400,400,400
2019-10-02,04,400,400,400
2019-10-02,05,400,400,400
2019-10-02,06,400,400,400
2019-10-02,07,400,400,400
2019-10-02,08,400,400,400
2019-10-02,09,400,400,400
2019-10-02,10,400,400,400
2019-10-02,11,400,400,400
2019-10-02,12,400,400,400
2019-10-02,13,400,400,400
2019-10-02,14,400,400,400
2019-10-02,15,0,0,0
2019-10-02,16,0,0,0
2019-10-02,17,0,0,0
2019-10-02,18,0,0,0
2019-10-02,19,0,0,0
2019-10-02,20,0,0,0
2019-10-02,21,400,400,400
2019-10-02,22,0,0,0
2019-10-02,23,0,0,0
2019-10-03,00,0,0,0
2019-10-03,01,0,0,0
2019-10-03,02,0,1,0
2019-10-03,03,0,1,0
2019-10-03,04,0,1,0
2019-10-03,05,0,1,0
2019-10-03,06,0,1,0
2019-10-03,07,0,1,0
2019-10-03,08,0,1,0
2019-10-03,09,0,1,0
2019-10-03,10,0,1,0
2019-10-03,11,0,1,0
2019-10-03,12,0,1,0
2019-10-03,13,0,1,0
2019-10-03,14,0,1,0
2019-10-03,15,0,1,0
2019-10-03,16,400,400,400
2019-10-03,17,0,1,0
2019-10-03,18,0,1,0
2019-10-03,19,0,1,0
2019-10-03,20,0,1,0
2019-10-03,21,0,1,0
2019-10-03,22,0,1,0
2019-10-03,23,0,1,0
2019-10-04,00,0,1,0
2019-10-04,01,1,1,1
2019-10-04,02,1,1,1
2019-10-04,03,0,1,0
2019-10-04,04,0,1,0
2019-10-04,05,0,1,0
2019-10-04,06,0,1,0
2019-10-04,07,0,1,0
2019-10-04,08,0,1,0
2019-10-04,09,0,1,0
2019-10-04,10,0,2,1
2019-10-04,11,0,2,1
2019-10-04,12,0,2,1
2019-10-04,13,0,2,1
2019-10-04,14,0,2,1
2019-10-04,15,0,2,1
2019-10-04,16,0,2,1
2019-10-04,17,400,400,400
2019-10-04,18,0,2,1
2019-10-04,19,0,2,1
2019-10-04,20,0,2,1
2019-10-04,21,0,2,1
2019-10-04,22,0,2,1
2019-10-04,23,0,2,1
2019-10-05,00,0,2,1
2019-10-05,01,0,2,1
2019-10-05,02,0,2,1
2019-10-05,03,0,2,1
2019-10-05,04,1,3,2
2019-10-05,05,1,3,2
2019-10-05,06,1,3,2
2019-10-05,07,1,3,2
2019-10-05,08,1,3,2
2019-10-05,09,2,3,2
2019-10-05,10,2,3,2
2019-10-05,11,2,4,3
2019-10-05,12,2,4,3
2019-10-05,13,2,4,3
2019-10-05,14,2,4,3
2019-10-05,15,2,5,3
2019-10-05,16,2,5,3
2019-10-05,17,2,5,3
2019-10-05,18,2,6,4
2019-10-05,19,2,6,4
2019-10-05,20,2,7,4
2019-10-05,21,2,7,4
2019-10-05,22,2,7,4
2019-10-05,23,2,8,5
2019-10-06,00,2,8,5
2019-10-06,01,2,8,5
2019-10-06,02,2,8,5
2019-10-06,03,3,8,5
2019-10-06,04,3,8,5
2019-10-06,05,3,8,5
2019-10-06,06,3,8,5
2019-10-06,07,400,400,400
2019-10-06,08,400,400,400
2019-10-06,09,3,8,5
2019-10-06,10,4,8,6
2019-10-06,11,4,8,6
2019-10-06,12,4,8,6
2019-10-06,13,4,8,6
2019-10-06,14,5,8,6
2019-10-06,15,5,8,6
2019-10-06,16,5,8,6
2019-10-06,17,400,400,400
2019-10-06,18,5,8,6
2019-10-06,19,5,8,6
2019-10-06,20,4,8,6
2019-10-06,21,4,8,6
2019-10-06,22,4,8,6
2019-10-06,23,3,8,5
2019-10-07,00,3,8,5
2019-10-07,01,3,8,5
2019-10-07,02,3,8,5
2019-10-07,03,3,8,5
2019-10-07,04,3,8,5
2019-10-07,05,3,8,5
2019-10-07,06,3,8,5
2019-10-07,07,3,8,5
2019-10-07,08,3,8,5
2019-10-07,09,3,7,5
2019-10-07,10,400,400,400
2019-10-07,11,3,7,5
2019-10-07,12,3,7,5
2019-10-07,13,400,400,400
2019-10-07,14,3,6,4
2019-10-07,15,3,6,4
2019-10-07,16,3,5,4
2019-10-07,17,3,5,4
2019-10-07,18,3,5,4
2019-10-07,19,3,4,3
2019-10-07,20,3,4,3
2019-10-07,21,3,4,3
2019-10-07,22,3,4,3
2019-10-07,23,3,4,3
2019-10-08,00,3,4,3
2019-10-08,01,3,4,3
2019-10-08,02,3,4,3
2019-10-08,03,3,4,3
2019-10-08,04,3,4,3
2019-10-08,05,3,4,3
2019-10-08,06,3,4,3
2019-10-08,07,3,4,3
2019-10-08,08,3,5,4
2019-10-08,09,400,400,400
2019-10-08,10,3,5,4
2019-10-08,11,3,5,4
2019-10-08,12,3,6,4
2019-10-08,13,3,6,4
2019-10-08,14,3,6,4
2019-10-08,15,3,6,4
2019-10-08,16,3,6,4
2019-10-08,17,4,7,5
2019-10-08,18,4,7,5
2019-10-08,19,4,7,5
2019-10-08,20,4,8,6
2019-10-08,21,4,8,6
2019-10-08,22,4,8,6
2019-10-08,23,4,9,6
2019-10-09,00,4,9,6
2019-10-09,01,4,9,6
2019-10-09,02,4,10,7
2019-10-09,03,4,10,7
2019-10-09,04,4,10,7
2019-10-09,05,4,10,7
2019-10-09,06,4,10,7
2019-10-09,07,5,10,7
2019-10-09,08,5,10,7
2019-10-09,09,5,10,7
2019-10-09,10,5,10,7
2019-10-09,11,6,10,8
2019-10-09,12,6,10,8
2019-10-09,13,6,10,8
2019-10-09,14,6,10,8
2019-10-09,15,6,10,8
2019-10-09,16,7,10,8
2019-10-09,17,7,10,8
2019-10-09,18,7,10,8
2019-10-09,19,7,10,8
2019-10-09,20,6,10,8
2019-10-09,21,6,10,8
2019-10-09,22,6,10,8
2019-10-09,23,6,10,8
2019-10-10,00,6,10,8
2019-10-10,01,6,10,8
2019-10-10,02,6,10,8
2019-10-10,03,6,10,8
2019-10-10,04,6,10,8
2019-10-10,05,6,10,8
2019-10-10,06,6,10,8
2019-10-10,07,6,9,7
2019-10-10,08,6,9,7
2019-10-10,09,6,9,7
2019-10-10,10,6,8,7
2019-10-10,11,6,8,7
2019-10-10,12,6,9,7
2019-10-10,13,6,9,7
2019-10-10,14,6,9,7
2019-10-10,15,6,9,7
2019-10-10,16,6,9,7
2019-10-10,17,6,9,7
2019-10-10,18,6,9,7
2019-10-10,19,6,9,7
2019-10-10,20,6,9,7
2019-10-10,21,6,9,7
2019-10-10,22,6,9,7
2019-10-10,23,6,10,8
2019-10-11,00,6,10,8
2019-10-11,01,400,400,400
2019-10-11,02,7,10,8
2019-10-11,03,7,10,8
2019-10-11,04,7,10,8
2019-10-11,05,7,10,8
2019-10-11,06,8,10,9
2019-10-11,07,8,10,9
2019-10-11,08,8,10,9
2019-10-11,09,8,10,9
2019-10-11,10,8,10,9
2019-10-11,11,7,10,8
2019-10-11,12,7,10,8
2019-10-11,13,7,10,8
2019-10-11,14,7,10,8
2019-10-11,15,6,10,8
2019-10-11,16,6,10,8
2019-10-11,17,6,10,8
2019-10-11,18,6,10,8
2019-10-11,19,6,10,8
2019-10-11,20,5,10,7
2019-10-11,21,5,10,7
2019-10-11,22,5,10,7
2019-10-11,23,4,9,6
2019-10-12,00,4,9,6
2019-10-12,01,4,9,6
2019-10-12,02,4,9,6
2019-10-12,03,4,8,6
2019-10-12,04,4,8,6
2019-10-12,05,3,8,5
2019-10-12,06,3,8,5
2019-10-12,07,3,8,5
2019-10-12,08,3,8,5
2019-10-12,09,3,8,5
2019-10-12,10,2,7,4
2019-10-12,11,2,7,4
2019-10-12,12,2,7,4
2019-10-12,13,2,7,4
2019-10-12,14,2,6,4
2019-10-12,15,2,6,4
2019-10-12,16,400,400,400
2019-10-12,17,400,400,400
2019-10-12,18,400,400,400
2019-10-12,19,400,400,400
2019-10-12,20,400,400,400
2019-10-12,21,400,400,400
2019-10-12,22,400,400,400
2019-10-12,23,400,400,400
2019-10-13,00,400,400,400
2019-10-13,01,400,400,400
2019-10-13,02,400,400,400
2019-10-13,03,400,400,400
2019-10-13,04,400,400,400
2019-10-13,05,400,400,400
2019-10-13,06,400,400,400
2019-10-13,07,400,400,400
2019-10-13,08,400,400,400
2019-10-13,09,400,400,400
2019-10-13,10,400,400,400
2019-10-13,11,400,400,400
2019-10-13,12,400,400,400
2019-10-13,13,400,400,400
2019-10-13,14,400,400,400
2019-10-13,15,400,400,400
2019-10-13,16,400,400,400
2019-10-13,17,400,400,400
2019-10-13,18,400,400,400
2019-10-13,19,400,400,400
2019-10-13,20,1,1,1
2019-10-13,21,400,400,400
2019-10-13,22,400,400,400
2019-10-13,23,400,400,400
2019-10-14,00,400,400,400
2019-10-14,01,400,400,400
2019-10-14,02,400,400,400
2019-10-14,03,16,16,16
2019-10-14,04,16,16,16
2019-10-14,05,16,17,16
2019-10-14,06,16,17,16
2019-10-14,07,16,18,17
2019-10-14,08,16,19,17
2019-10-14,09,16,21,18
2019-10-14,10,16,22,19
2019-10-14,11,16,23,19
2019-10-14,12,16,23,19
2019-10-14,13,16,24,20
2019-10-14,14,16,24,20
2019-10-14,15,16,24,20
2019-10-14,16,16,24,20
2019-10-14,17,16,25,20
2019-10-14,18,16,25,20
2019-10-14,19,16,25,20
2019-10-14,20,16,25,20
2019-10-14,21,16,25,20
2019-10-14,22,16,25,20
2019-10-14,23,16,25,20
2019-10-15,00,16,25,20
2019-10-15,01,16,25,20
2019-10-15,02,16,25,20
2019-10-15,03,16,25,20
2019-10-15,04,17,25,21
2019-10-15,05,17,25,21
2019-10-15,06,18,25,21
2019-10-15,07,19,25,22
2019-10-15,08,20,25,22
2019-10-15,09,19,25,22
2019-10-15,10,400,400,400
2019-10-15,11,400,400,400
2019-10-15,12,400,400,400
2019-10-15,13,400,400,400
2019-10-15,14,400,400,400
2019-10-15,15,17,25,21
2019-10-15,16,16,25,20
2019-10-15,17,16,25,20
2019-10-15,18,15,25,20
2019-10-15,19,15,25,20
2019-10-15,20,15,25,20
2019-10-15,21,15,24,19
2019-10-15,22,15,24,19
2019-10-15,23,15,23,19
2019-10-16,00,15,23,19
2019-10-16,01,15,22,18
2019-10-16,02,14,22,18
2019-10-16,03,14,21,17
2019-10-16,04,14,20,17
2019-10-16,05,14,20,17
2019-10-16,06,14,20,17
2019-10-16,07,14,20,17
2019-10-16,08,14,19,16
2019-10-16,09,14,19,16
2019-10-16,10,400,400,400
2019-10-16,11,14,18,16
2019-10-16,12,14,18,16
2019-10-16,13,14,17,15
2019-10-16,14,14,17,15
2019-10-16,15,14,16,15
2019-10-16,16,14,16,15
2019-10-16,17,14,16,15
2019-10-16,18,14,16,15
2019-10-16,19,14,16,15
2019-10-16,20,14,16,15
2019-10-16,21,14,16,15
2019-10-16,22,14,16,15
2019-10-16,23,14,15,14
2019-10-17,00,14,16,15
2019-10-17,01,14,17,15
2019-10-17,02,14,17,15
2019-10-17,03,14,17,15
2019-10-17,04,14,17,15
2019-10-17,05,14,18,16
2019-10-17,06,14,18,16
2019-10-17,07,14,18,16
2019-10-17,08,14,18,16
2019-10-17,09,14,18,16
2019-10-17,10,14,18,16
2019-10-17,11,14,18,16
2019-10-17,12,15,18,16
2019-10-17,13,15,18,16
2019-10-17,14,15,18,16
2019-10-17,15,15,18,16
2019-10-17,16,15,18,16
2019-10-17,17,15,18,16
2019-10-17,18,15,18,16
2019-10-17,19,15,18,16
2019-10-17,20,15,18,16
2019-10-17,21,15,18,16
2019-10-17,22,14,18,16
2019-10-17,23,14,18,16
2019-10-18,00,14,18,16
2019-10-18,01,14,18,16
2019-10-18,02,14,18,16
2019-10-18,03,14,18,16
2019-10-18,04,14,18,16
2019-10-18,05,14,18,16
2019-10-18,06,14,18,16
2019-10-18,07,14,18,16
2019-10-18,08,14,17,15
2019-10-18,09,14,17,15
2019-10-18,10,400,400,400
2019-10-18,11,400,400,400
2019-10-18,12,400,400,400
2019-10-18,13,400,400,400
2019-10-18,14,400,400,400
2019-10-18,15,400,400,400
2019-10-18,16,400,400,400
2019-10-18,17,400,400,400
2019-10-18,18,400,400,400
2019-10-18,19,400,400,400
2019-10-18,20,14,23,18
2019-10-18,21,14,23,18
2019-10-18,22,14,23,18
2019-10-18,23,14,23,18
2019-10-19,00,14,23,18
2019-10-19,01,15,23,19
2019-10-19,02,15,23,19
2019-10-19,03,5,23,14
2019-10-19,04,5,23,14
2019-10-19,05,5,23,14
2019-10-19,06,5,23,14
2019-10-19,07,5,23,14
2019-10-19,08,5,23,14
2019-10-19,09,5,23,14
2019-10-19,10,400,400,400
2019-10-19,11,5,23,14
2019-10-19,12,5,23,14
2019-10-19,13,5,23,14
2019-10-19,14,5,23,14
2019-10-19,15,5,23,14
2019-10-19,16,5,10,7
2019-10-19,17,5,10,7
2019-10-19,18,5,10,7
2019-10-19,19,5,10,7
2019-10-19,20,5,10,7
2019-10-19,21,5,10,7
2019-10-19,22,5,10,7
2019-10-19,23,5,10,7
2019-10-20,00,5,10,7
2019-10-20,01,5,10,7
2019-10-20,02,5,10,7
2019-10-20,03,5,10,7
2019-10-20,04,6,10,8
2019-10-20,05,7,10,8
2019-10-20,06,7,10,8
2019-10-20,07,7,10,8
2019-10-20,08,7,10,8
2019-10-20,09,7,10,8
2019-10-20,10,7,10,8
2019-10-20,11,7,10,8
2019-10-20,12,7,9,8
2019-10-20,13,7,9,8
2019-10-20,14,7,9,8
2019-10-20,15,7,10,8
2019-10-20,16,7,10,8
2019-10-20,17,7,10,8
2019-10-20,18,7,10,8
2019-10-20,19,7,10,8
2019-10-20,20,7,11,9
2019-10-20,21,7,11,9
2019-10-20,22,7,11,9
2019-10-20,23,8,11,9
2019-10-21,00,8,11,9
2019-10-21,01,8,11,9
2019-10-21,02,8,11,9
2019-10-21,03,8,11,9
2019-10-21,04,8,11,9
2019-10-21,05,8,11,9
2019-10-21,06,8,11,9
2019-10-21,07,8,11,9
2019-10-21,08,400,400,400
2019-10-21,09,400,400,400
2019-10-21,10,8,11,9
2019-10-21,11,8,11,9
2019-10-21,12,9,11,10
2019-10-21,13,9,11,10
2019-10-21,14,9,11,10
2019-10-21,15,8,11,9
2019-10-21,16,8,11,9
2019-10-21,17,8,11,9
2019-10-21,18,8,11,9
2019-10-21,19,8,11,9
2019-10-21,20,7,11,9
2019-10-21,21,7,11,9
2019-10-21,22,7,11,9
2019-10-21,23,6,11,8
2019-10-22,00,6,11,8
2019-10-22,01,6,11,8
2019-10-22,02,5,11,8
2019-10-22,03,5,11,8
2019-10-22,04,5,11,8
2019-10-22,05,4,11,7
2019-10-22,06,4,11,7
2019-10-22,07,4,11,7
2019-10-22,08,4,11,7
2019-10-22,09,4,10,7
2019-10-22,10,4,10,7
2019-10-22,11,4,9,6
2019-10-22,12,400,400,400
2019-10-22,13,4,9,6
2019-10-22,14,4,8,6
2019-10-22,15,4,8,6
2019-10-22,16,4,8,6
2019-10-22,17,4,8,6
2019-10-22,18,4,8,6
2019-10-22,19,4,7,5
2019-10-22,20,4,8,6
2019-10-22,21,4,8,6
2019-10-22,22,4,8,6
2019-10-22,23,4,8,6
2019-10-23,00,4,8,6
2019-10-23,01,4,8,6
2019-10-23,02,4,9,6
2019-10-23,03,4,9,6
2019-10-23,04,4,9,6
2019-10-23,05,4,9,6
2019-10-23,06,400,400,400
2019-10-23,07,4,10,7
2019-10-23,08,4,10,7
2019-10-23,09,4,10,7
2019-10-23,10,400,400,400
2019-10-23,11,400,400,400
2019-10-23,12,400,400,400
2019-10-23,13,400,400,400
2019-10-23,14,400,400,400
2019-10-23,15,6,10,8
2019-10-23,16,6,10,8
2019-10-23,17,6,10,8
2019-10-23,18,7,10,8
2019-10-23,19,6,10,8
2019-10-23,20,6,10,8
2019-10-23,21,5,10,7
2019-10-23,22,5,10,7
2019-10-23,23,5,10,7
2019-10-24,00,5,10,7
2019-10-24,01,5,10,7
2019-10-24,02,5,10,7
2019-10-24,03,5,10,7
2019-10-24,04,5,10,7
2019-10-24,05,5,10,7
2019-10-24,06,5,10,7
2019-10-24,07,5,10,7
2019-10-24,08,5,10,7
2019-10-24,09,5,10,7
2019-10-24,10,5,9,7
2019-10-24,11,5,9,7
2019-10-24,12,5,9,7
2019-10-24,13,5,9,7
2019-10-24,14,5,9,7
2019-10-24,15,5,8,6
2019-10-24,16,5,8,6
2019-10-24,17,5,7,6
2019-10-24,18,5,6,5
2019-10-24,19,5,6,5
2019-10-24,20,5,5,5
2019-10-24,21,5,5,5
2019-10-24,22,5,5,5
2019-10-24,23,5,5,5
2019-10-25,00,5,5,5
2019-10-25,01,5,5,5
2019-10-25,02,5,5,5
2019-10-25,03,5,5,5
2019-10-25,04,5,5,5
2019-10-25,05,5,5,5
2019-10-25,06,5,5,5
2019-10-25,07,5,6,5
2019-10-25,08,5,6,5
2019-10-25,09,5,7,6
2019-10-25,10,5,7,6
2019-10-25,11,5,7,6
2019-10-25,12,5,7,6
2019-10-25,13,400,400,400
2019-10-25,14,5,7,6
2019-10-25,15,5,7,6
2019-10-25,16,5,7,6
2019-10-25,17,5,7,6
2019-10-25,18,5,7,6
2019-10-25,19,5,8,6
2019-10-25,20,5,8,6
2019-10-25,21,5,8,6
2019-10-25,22,5,8,6
2019-10-25,23,5,8,6
2019-10-26,00,5,8,6
2019-10-26,01,5,8,6
2019-10-26,02,5,8,6
2019-10-26,03,5,8,6
2019-10-26,04,5,8,6
2019-10-26,05,5,9,7
2019-10-26,06,6,9,7
2019-10-26,07,6,9,7
2019-10-26,08,7,9,8
2019-10-26,09,7,9,8
2019-10-26,10,400,400,400
2019-10-26,11,7,11,9
2019-10-26,12,7,11,9
2019-10-26,13,7,12,9
2019-10-26,14,7,13,10
2019-10-26,15,7,13,10
2019-10-26,16,7,13,10
2019-10-26,17,7,14,10
2019-10-26,18,8,15,11
2019-10-26,19,8,16,12
2019-10-26,20,8,17,12
2019-10-26,21,8,18,13
2019-10-26,22,8,19,13
2019-10-26,23,8,19,13
2019-10-27,00,8,19,13
2019-10-27,01,8,19,13
2019-10-27,02,8,19,13
2019-10-27,03,8,19,13
2019-10-27,04,8,19,13
2019-10-27,05,8,19,13
2019-10-27,06,400,400,400
2019-10-27,07,400,400,400
2019-10-27,08,400,400,400
2019-10-27,09,400,400,400
2019-10-27,10,400,400,400
2019-10-27,11,400,400,400
2019-10-27,12,400,400,400
2019-10-27,13,400,400,400
2019-10-27,14,400,400,400
2019-10-27,15,400,400,400
2019-10-27,16,400,400,400
2019-10-27,17,400,400,400
2019-10-27,18,400,400,400
2019-10-27,19,400,400,400
2019-10-27,20,400,400,400
2019-10-27,21,400,400,400
2019-10-27,22,400,400,400
2019-10-27,23,400,400,400
2019-10-28,00,400,400,400
2019-10-28,01,400,400,400
2019-10-28,02,400,400,400
2019-10-28,03,400,400,400
2019-10-28,04,400,400,400
2019-10-28,05,400,400,400
2019-10-28,06,400,400,400
2019-10-28,07,400,400,400
2019-10-28,08,400,400,400
2019-10-28,09,400,400,400
2019-10-28,10,400,400,400
2019-10-28,11,400,400,400
2019-10-28,12,400,400,400
2019-10-28,13,400,400,400
2019-10-28,14,400,400,400
2019-10-28,15,400,400,400
2019-10-28,16,400,400,400
2019-10-28,17,400,400,400
2019-10-28,18,400,400,400
2019-10-28,19,400,400,400
2019-10-28,20,400,400,400
2019-10-28,21,400,400,400
2019-10-28,22,400,400,400
2019-10-28,23,400,400,400
